t,W_11_0,W_11_1,W_11_2,W_11_3,W_11_4,W_11_5,W_11_6,W_11_7,W_11_8,W_11_9,W_11_10,W_11_11,W_11_12,W_11_13
0.0,1.0000000000000002,0.0,0.0,1.0000000000000002,1.0000000000000002,1.0000000000000002,1.0000000000000002,1.0000000000000002,1.0000000000000002,1.0000000000000002,1.0000000000000002,,1.0000000000000002,1.0000000000000002
0.05,0.9925407380146878,0.0052286540000342765,0.010184189167152946,0.9925492675125998,0.9950204479505564,0.995021995640966,0.9950219960720648,0.9950219965839422,0.995022002859251,0.9950261241735218,0.995033218011872,,1.010412270235919,0.9997681388326153
0.1,0.9706532653495465,0.02026455231354681,0.03955800602201452,0.9707825135860979,0.9803284728565745,0.9803525326691179,0.9803525596904351,0.9803525909185858,0.9803529837645168,0.9804167566157926,0.9805292742834921,,1.0409656073763127,0.996394718454398
0.15000000000000002,0.9357684165000714,0.04334194204603464,0.08483856343523856,0.9363681979660687,0.9566418275416261,0.9567579627907081,0.9567582602016268,0.9567585873351651,0.956762925947986,0.957068130208684,0.9576301819449108,,1.0897786354074837,0.9825985389660475
0.2,0.8901314499275559,0.07195066770300648,0.14121016504073858,0.8918106288285857,0.9250821778565689,0.9254258388532515,0.9254274328355782,0.9254290588658726,0.9254524192903071,0.926342983747914,0.9280876471305218,,1.1540788003368474,0.9485710640005469
0.25,0.8366014220482031,0.10335324142094626,0.20313944656077662,0.8401073005248931,0.887078296308142,0.8878503578460479,0.887856088383892,0.8878613307339513,0.8879457371204765,0.889903455629805,0.8940679361890965,,1.2306771732621131,0.8848565125935908
0.30000000000000004,0.7783856781220343,0.1350706762150924,0.26521143129407987,0.7843743146078666,0.844245939532404,0.8456953174014677,0.845711264340742,0.8457237464434619,0.8459597188143935,0.8495165715714118,0.8579241053463926,,1.316463821822412,0.785353679037745
0.35000000000000003,0.7187304766337471,0.16522098110333616,0.3228266213735168,0.7275157557326651,0.7982645548065564,0.8006591762812948,0.8006962720243569,0.8007193713368957,0.8012701494698362,0.8068681214592753,0.8219754682276844,,1.4088176735947955,0.6496606894405285
0.4,0.6606390597123241,0.19265094218908357,0.3726234357775204,0.6719955954399206,0.7507743566242505,0.7543679612096115,0.7544435072988525,0.7544762995078419,0.7555993910309147,0.7634191836060273,0.7883292069029907,,1.5058356213203428,0.6462773831221281
0.45,0.6066220624104006,0.21688548576891492,0.4126385321932611,0.6197104493708467,0.703288931629105,0.7082914449490672,0.7084302475952645,0.7084603584437712,0.7105202120264179,0.720306687506199,0.7587479354445057,,1.606342213819898,0.6996159913565126
0.5,0.5585497292198865,0.23795614193148998,0.4422233073648194,0.5719770981505188,0.6571462489829917,0.6637034096583941,0.663938275272607,0.6639317752859335,0.6673973887178587,0.6783103296257756,0.7345802822366433,,1.7096907866188205,0.7710097436210505
0.55,0.5176007917253272,0.2561970136205625,0.4618196592251522,0.5295975284081345,0.6134878053642112,0.6216745673320669,0.6220444795472165,0.6220531845903459,0.6273561990425822,0.6378724670927218,0.7167392913298011,,1.8154138124014283,0.8441989094823967
0.6000000000000001,0.4843118116766573,0.2720727818175554,0.4726701605028331,0.4929713681070007,0.5732619584201781,0.5830865479185631,0.5836357350426854,0.5837967673788372,0.5912739134003013,0.599161984596681,0.7057159716375909,,1.9228166292878233,0.902661264873469
0.65,0.4587049697815329,0.286062463957454,0.47651628827335435,0.46222082400901704,0.5372410466433748,0.5486612374865614,0.5494355310907997,0.5498974887038384,0.5597851926711256,0.5621675484061887,0.7016093246272314,,2.030613338087438,0.9329231569473526
0.7000000000000001,0.4404488778440652,0.29860721038266097,0.47533968829450574,0.4373100079466407,0.5060464048139642,0.5189925781091443,0.5200348547291513,0.5210103223128881,0.5332978214824111,0.5268087347213203,0.7041653689859938,,2.136680704680157,0.927117964429311
0.75,0.42902311953623706,0.31009990382142794,0.47114390800074457,0.41812855789413617,0.4801618898418259,0.4945631123065422,0.49590785395817577,0.49767436043296953,0.5120040180647045,0.49304080871462314,0.7128128818166977,,2.2380157956303006,0.8843155417466683
0.8,0.42384523700173876,0.3208731989032399,0.46578157911899204,0.40454199566514387,0.459941852754446,0.47575040748797875,0.47741807854063656,0.48030749225557706,0.4958968391470334,0.4822516846811254,0.7267013227559096,,2.3308754792247983,0.8104540957184572
0.8500000000000001,0.4243459228093694,0.3311797301503565,0.4608327693230496,0.3964114884528188,0.44561298764845986,0.4628232619504649,0.46481561035331503,0.4691890743273205,0.4847947270280115,0.4841537425187823,0.7447498771981744,,2.4110826817792543,0.7170039764063869
0.9,0.42996875198471607,0.341127611243069,0.4575152232907307,0.3935718720100879,0.43725914694474255,0.45591875204367466,0.45821662524688034,0.46442418089993975,0.47836676699101643,0.4953710609169603,0.7657062362588206,,2.474460313839132,0.6187060663606169
0.9500000000000001,0.440133037042313,0.3506158559481379,0.4566504924340616,0.39580715257807786,0.4348181669570133,0.4550294238275998,0.4576838351877368,0.46592145354125003,0.476182655246761,0.5152195624500983,0.7882276807150452,,2.517271960768163,0.5309037511704996
1.0,0.45417027390500814,0.3592746738455319,0.4586659098871478,0.4028140827409783,0.43807493717193724,0.4599875425725639,0.46357109456953927,0.47337509154696933,0.4777683198080413,0.5425255024987852,0.810973426508687,,2.5366406643765824,0.4669646573324486
1.05,0.47127405808141554,0.36644609956930324,0.4636305540345147,0.4141732256211151,0.4466749917566214,0.47045722365584575,0.4752668111569011,0.4862646952027151,0.4826662230518763,0.5756906613253082,0.8327041717955678,,2.5308741388306197,0.49406793585216774
1.1,0.4905010722820302,0.37123877707451164,0.471324351170238,0.42934959613171064,0.4601141582415038,0.4859478179819741,0.4923195553439817,0.5038865956016972,0.49049898896928595,0.6128191540229151,0.8523762034986453,,2.499650285120051,0.5358432894615988
1.1500000000000001,0.5108241743042619,0.3726403194908604,0.4813107144971988,0.4477077330380835,0.4777759047170312,0.5058339564776377,0.5141204647892104,0.525401566066766,0.5198604052835384,0.6518783628204252,0.869214185556902,,2.4440640408947507,0.5361291565202533
1.2000000000000002,0.5312401915951378,0.369681649498565,0.4930094184997552,0.4685504941593905,0.4989666204783862,0.529390069301116,0.5399295370823894,0.5499023788900144,0.5561164189993831,0.6908808384398535,0.8827538854798564,,2.3665376591705614,0.5566163637237771
1.25,0.550909189371582,0.3616191719606364,0.5057603581196075,0.49117276307221547,0.5229562682903613,0.5558352208268541,0.5689154621274743,0.5764912144372853,0.5961263550274477,0.7280589785214316,0.8928490906515862,,2.2706133801291077,0.6471266403553991
1.3,0.5692844788230682,0.3480899261621619,0.5188681963066801,0.5149102853422939,0.5490170337380319,0.5843751599929989,0.6001971060061,0.6043481703164584,0.63824758900365,0.7620005201968729,0.8996426923940469,,2.160676513802449,0.7443008416767952
1.35,0.5862111132273374,0.32921216885388516,0.5316387777369443,0.5391888814844961,0.5764677624920758,0.6142509975562046,0.6328969207363065,0.6327939860757009,0.6808332077657935,0.791741434155913,0.903512499506151,,2.041606807143549,0.8357134222152176
1.4000000000000001,0.6019558124337205,0.3056078549900202,0.543401434567755,0.5635488180746493,0.6047013155395207,0.6453805534320732,0.6661826627154972,0.661750195682451,0.7223550163753956,0.8167913306456996,0.9049994521537161,,1.9184387935375442,0.9105956703473064
1.4500000000000002,0.617170233896399,0.27834648982897464,0.5535302280607918,0.5876582438245371,0.6332084236426726,0.6767540739014074,0.6993098540128018,0.7005857150507477,0.7615158597987601,0.8371103893061134,0.9047327918271879,,1.796022280662981,0.9613062488902155
1.5,0.6327874067698912,0.24882518171876947,0.5614649363928839,0.6113094565502298,0.6615881951044662,0.7078254637768596,0.731652352212758,0.7393700785284669,0.7973259111271334,0.8530411478208639,0.9033627462710818,,1.6787201948517891,0.9842717254389636
1.55,0.6498658899448299,0.21859570287591096,0.5667193401355541,0.6343936041005568,0.6895381862255149,0.738161449887977,0.7627151431320409,0.7771991101692601,0.8291375603363347,0.8652135501455266,0.9015078539271073,,1.570171932564429,0.9803059714983702
1.6,0.6694183115332226,0.18919949928852783,0.5689051676385639,0.6568746461918007,0.7168387301565791,0.7674058812553072,0.7921355808756914,0.8132383719977364,0.8566441929669124,0.8744393750538866,0.8997186528511417,,1.4731473516164622,0.9542769445237188
1.6500000000000001,0.6922428821255764,0.16201229804812475,0.5677471830854278,0.6787834007049371,0.7433268869619463,0.7952629340704871,0.8196722055293403,0.8467492817281458,0.8798495988208446,0.8816122572796983,0.8984580533173093,,1.389463367864363,0.9141739316289121
1.7000000000000002,0.7187943590835525,0.13814468688284423,0.5631007450751451,0.700115252456536,0.76885693473363,0.8214672254212553,0.8451744004002827,0.877098853941406,0.8990087089604123,0.8876160841072902,0.8980926116142242,,1.3200244864021315,0.86971588033735
1.75,0.7490346788470968,0.11832046717680746,0.554973273652857,0.7208412057248129,0.7932718779240975,0.8457636107032361,0.8716985530301755,0.903773272350795,0.9145612202730877,0.8932504806613693,0.8988903085150863,,1.264912054270161,0.8306950328822194
1.8,0.7824276230324928,0.10292485176849601,0.5435429758237013,0.7408781968425818,0.8163641480527685,0.8678787375142407,0.8969746423898112,0.9263786938901372,0.9270539155017592,0.8991688782116751,0.9010192031394073,,1.2235586581838924,0.8053243538248597
1.85,0.8179287330085679,0.09202760872474444,0.5291804411780976,0.7600650586052706,0.8378553411305603,0.887508166836253,0.919225861558219,0.9446453815876297,0.9370634927185152,0.9139748897300496,0.9045449587201798,,1.194946747703701,0.7988366992375879
1.9000000000000001,0.8540373046545988,0.08545191332785824,0.5124627429582812,0.7781501566317842,0.8574516579523388,0.9043114556229931,0.9378138977130726,0.9584281639750969,0.9451213306834135,0.9470823743637974,0.9319689754883372,,1.177816703940472,0.8125742382492136
1.9500000000000002,0.8889046302171721,0.08284682524098434,0.4941683112485714,0.794782801789709,0.874859218278867,0.917916818321097,0.9520862989752532,0.9677043301525664,0.961892339201419,0.9722118543553675,0.9638990346853819,,1.170853082884809,0.8437569422646666
2.0,0.9204668186018145,0.08377143317487698,0.4752555464320355,0.8095263414189667,0.8892771355003181,0.9279430620821547,0.9614316720427772,0.9725655575822659,0.980436424076036,0.9885942493367115,0.9849169220990882,,1.1728220298423335,0.8859542669169409
2.0500000000000003,0.9466143938425224,0.08775134276936623,0.4568067968827849,0.8218749809224064,0.9000983897460213,0.9349984302333636,0.9653437227798439,0.9776020615487495,0.9912730481875489,0.9957186069782556,0.9943824998604207,,1.1826526364830694,0.9302421088110568
2.1,0.9653895572689892,0.09431840738394233,0.4399452142727056,0.8312844120516912,0.906720397406424,0.9383817863140428,0.9634878793168057,0.9837659137077972,0.9936286875906718,0.9933805992997181,0.9918925044151384,,1.199459295164629,0.9668394007482495
2.15,0.9751108673175888,0.10302064181900258,0.4257221745088984,0.8372102659744287,0.9085998219298028,0.9367286465348211,0.9600402917102777,0.9827987951826722,0.9871228245360627,0.9817166852494011,0.9773505020284797,,1.2225149377736328,0.9869710586873093
2.2,0.9745754349953938,0.11342122677158493,0.41499950430637633,0.8391526376301958,0.9056375229383701,0.9296022527383335,0.9542271281192963,0.9739479676335335,0.9718179320763466,0.9613017387282048,0.951147911535141,,1.2511991712666768,0.984603080866454
2.25,0.9631968781771888,0.12509233519268173,0.4083402256388835,0.836756917695507,0.8978203955360547,0.9167297329822637,0.9429561178858604,0.9568512476803545,0.9577116026469283,0.96264078083493,0.9557285876426697,,1.2849464672553486,0.9676105178202733
2.3000000000000003,0.9410907098791577,0.137766973100622,0.4059322337495752,0.8298582115026072,0.884807282388279,0.8980477276978687,0.9258649346797332,0.9316055640900306,0.949163311570111,0.9597284459151084,0.9581953750325117,,1.3232268954647872,0.96480966341842
2.35,0.9089804486942366,0.15102212141818874,0.40755585576965964,0.8182076998717343,0.8667166627183467,0.8775690929886775,0.902770373182005,0.903316354692287,0.9361977913033986,0.9519034793670837,0.9581210703048407,,1.3655410247898256,0.9488177412907254
2.4000000000000004,0.8682304714225847,0.16442335705532177,0.41264467436261354,0.8018543319015362,0.8438464399686592,0.853437816922659,0.8737141957181279,0.8812822633667932,0.9183265383308883,0.9387372338407247,0.9551979268028393,,1.411488150939086,0.9133677475844262
2.45,0.8207088020417088,0.17768910291419288,0.42035755045602397,0.7810211121520828,0.8166496155127853,0.8259853077800724,0.838990330807264,0.8564439789461952,0.8952683154334047,0.9200627729501553,0.9492553580004901,,1.460843627895379,0.8522869901341026
2.5,0.768729955763662,0.19064191255682392,0.42952090277540955,0.7560919146350129,0.785700155632272,0.7956851446290816,0.7991530701950025,0.8287607657444815,0.866985547743034,0.8959773691827468,0.9402637514089272,,1.5136520777244629,0.7611705679943351
2.5500000000000003,0.714581979643872,0.2032136601749923,0.4389655604936885,0.7275858949427825,0.7516520482611454,0.7630081645575155,0.7550033311479807,0.7982111917215915,0.8336927203094143,0.8668215113718496,0.9283258444669362,,1.5702928476129014,0.6543208906799223
2.6,0.6605409002816421,0.2154232971975547,0.4475721497773174,0.6961279170043075,0.7152025173457004,0.7283999940312417,0.7141048091299514,0.7648374638136811,0.7958428013033543,0.8331434342549964,0.9136595954216287,,1.631483508395864,0.6654569509767901
2.6500000000000004,0.6086408752539005,0.22732776454454134,0.4543690834103945,0.6624214557347295,0.6770658350771889,0.6922739388185352,0.682634560791482,0.7287886669979021,0.7541001852696342,0.7956592944710114,0.8965781285549737,,1.6981925811364347,0.7033043458226014
2.7,0.5605398258436487,0.23895948947540516,0.45860409273014907,0.627228615282639,0.6379608062387401,0.6550207643867453,0.652097378648022,0.6903585336754698,0.7093080045193099,0.7552163195933322,0.8774710994530401,,1.7714541707278673,0.7601619526540688
2.75,0.5174450888117307,0.2502717262391428,0.4597899420055264,0.591361992514103,0.5986157126465608,0.6170371792497485,0.6224976122714858,0.6500181652736958,0.6624605284449705,0.7127677141012272,0.8567925245764146,,1.852090687656288,0.8240940234949005
2.8000000000000003,0.4800993929072076,0.2611140306367447,0.4577327879516134,0.5561162235468674,0.5597861386223864,0.5787681247822515,0.5937632383066943,0.6084400471822178,0.6146827525581069,0.6693590531916119,0.835055480668079,,1.940379085852293,0.8810179803781155
2.85,0.44888827587861807,0.27137295727226424,0.4525429715714456,0.5225940608847778,0.5222813404237159,0.5407578358242346,0.5658310683719213,0.5665134364829821,0.5672200736000887,0.6261273084473477,0.8128349122118138,,2.0357089007242557,0.9173154292167869
2.9000000000000004,0.4240725131286407,0.28122541137732365,0.44463448369242603,0.4913920727963372,0.48980831601972535,0.5036983473090232,0.538734126328452,0.5253436236003126,0.5214280663626172,0.5843009525576698,0.7907721726002755,,2.1363025426783073,0.922492632071551
2.95,0.4052008887665816,0.29000759581863955,0.43470555209664036,0.4635200666812165,0.4640365302133526,0.46846678737891023,0.5126817827413949,0.4862326087305118,0.47875670935552794,0.5451948705159915,0.7695775098634695,,2.2390565406214336,0.891364635145367
3.0,0.39206861940654253,0.29769470254916913,0.4236936421780771,0.4400084074369632,0.44337204087203874,0.43613953556489826,0.488120678345103,0.45063430510255587,0.4407176835482177,0.510188151970078,0.7500228234177913,,2.3395608783168433,0.8253193263678154
3.0500000000000003,0.3845951961334151,0.30449568204506655,0.41268974765651023,0.4218679098168841,0.4285852114728928,0.41725368377629657,0.46576520747373207,0.42008252167134835,0.41030039576395066,0.4806791818190387,0.732921114831836,,2.432317742716395,0.7323699900265723
3.1,0.3828752495361723,0.31081823441138884,0.40280989705957926,0.4100293915445013,0.4203378415335206,0.4155925391398345,0.4465873960643066,0.3960906806801225,0.40803251238841115,0.4580125726502591,0.7190881604993771,,2.511159240600971,0.625949313539286
3.1500000000000004,0.3871308303451899,0.3171299141092604,0.3950353068187788,0.40527279602679755,0.4191287791192658,0.4214436914394193,0.4317640133949542,0.39919979349771634,0.41178935879128553,0.44338630344089314,0.7092894166907482,,2.569820745052498,0.5226292268443327
3.2,0.39757099879461494,0.32372996783658836,0.39003851800642825,0.40815106466574635,0.4252386378620336,0.43457988186179,0.4225782197253886,0.41307010219623236,0.4216708365252999,0.4377466458277192,0.7041765774023274,,2.602598417458431,0.4391830457891772
3.25,0.41419940848348435,0.3304940965389466,0.3880306852005662,0.41892005056722076,0.43868350826647495,0.4544735005373438,0.4202826614593179,0.4334622416936568,0.4376278773716911,0.44168425634606107,0.7042211694655494,,2.6050042835747,0.39702338212256394
3.3000000000000003,0.43663638907450264,0.33668250642752345,0.38867132879934513,0.43748817701456283,0.45918846059161456,0.4803254713578403,0.4294584326837429,0.459903881512389,0.45943130488402184,0.4553499945361286,0.7096560629054011,,2.5743218498557088,0.47125064090921887
3.35,0.4640266206343643,0.3408990226950124,0.3910738750447714,0.46339829796110193,0.48618961206337696,0.5111273243553655,0.46791314059699324,0.4917273831478253,0.4866585080063016,0.47840844252174786,0.7204359847374067,,2.5099797892847757,0.5036345082547061
3.4000000000000004,0.49506916802757384,0.341238883385453,0.39391186560653235,0.49584007992827056,0.5188595034508716,0.5457416461090754,0.5111586910580155,0.5280748558944215,0.5186931406779585,0.5100328034438293,0.7362218221152326,,2.413689405901226,0.49682908594811737
3.45,0.5281797060561297,0.3356209035211249,0.395618512572697,0.5336982471557187,0.55615840987317,0.5829951699127923,0.5574156237101974,0.5679255446469953,0.5547442091857147,0.5489500139596938,0.7563946579790297,,2.289325867877171,0.5942418023500619
3.5,0.5617406462129306,0.32237283314450477,0.39463715931464993,0.5756244925483786,0.5968988422066271,0.6217647380416699,0.6049782375440258,0.6101388965722601,0.5938764406368024,0.5935253632981558,0.780095647988768,,2.1425798259280855,0.7053190105237195
3.5500000000000003,0.5943790277480112,0.3011533673612017,0.38968315350405597,0.6201346753150303,0.6398255283314374,0.6610539369634415,0.6523413260767803,0.6535214747742311,0.6350603209483541,0.641888399428256,0.8062923994961579,,1.9804204711317794,0.809760721571356
3.6,0.6251922213067878,0.27086900383081364,0.37995205112612085,0.6657001844563099,0.6836839875575191,0.7000344590102311,0.6982744527391253,0.696892555002698,0.6772189951489825,0.6920648063529432,0.8338539232974188,,1.8104708201281623,0.8927912951537349
3.6500000000000004,0.6540946616239431,0.23248338415713637,0.3652696671379307,0.7108316100764002,0.727279364080152,0.7380579054660487,0.7418487185273795,0.739150033652761,0.7192771867414217,0.7421077258127373,0.8616287098811855,,1.6403782557733984,0.9444000374860066
3.7,0.6810344603821799,0.1880186777314932,0.3462002548750078,0.7541447008092285,0.7695191542678685,0.7746384488566753,0.7824175399016866,0.7793264474321122,0.7602061621385318,0.7902117999036598,0.8885154993037255,,1.4772615048930016,0.9610123177900344
3.75,0.706458659548309,0.14029328628735865,0.32371701790307766,0.7944003225152267,0.8131804082395658,0.8094094350038872,0.8195580078655967,0.8166236819498757,0.7990566067850071,0.8347945315119039,0.9135172575964802,,1.327299532077265,0.9458635707227003
3.8000000000000003,0.7309457893736412,0.09256170363079425,0.2993745966675977,0.8305204453357173,0.8562421772214757,0.8474887265124302,0.8529889093154319,0.8504230307395323,0.8349776952380441,0.8745412196791097,0.9357750012509654,,1.1954961310673209,0.9080226884352638
3.85,0.7550025439354126,0.04814205762354428,0.27505262132614205,0.8615877171459033,0.893337423703145,0.8881788592967887,0.8824835169558413,0.8836013442465747,0.8711942538533951,0.9084176431502439,0.9545830630389667,,1.0856126834599005,0.8602888888597958
3.9000000000000004,0.7789004638074791,0.010096422128105997,0.25278769687534264,0.8868382874252282,0.923623521732115,0.9208498350055271,0.9098863653268002,0.9187114433738175,0.9018238388334519,0.9356591233862148,0.9693905524740505,,1.0002340293006158,0.8164058215460668
3.95,0.8025743342547939,0.02214915766329916,0.23460536946081129,0.9056570018987209,0.9465261875826885,0.9448320646372836,0.937063869315348,0.946353320388725,0.9253600984887085,0.9557471343381376,0.9797959030782766,,0.9409119320543317,0.7881683437034834
4.0,0.8255957547966155,0.039350548833536676,0.22235354366861151,0.9175820310584064,0.9617157229265979,0.9598373759126786,0.9562363770531995,0.9658204861459507,0.9414435474853631,0.9683841447415152,0.9855417251925714,,0.9083287108831289,0.7830156030665061
4.05,0.8478683600359411,0.04423153170480976,0.2175400429049214,0.9223243556759682,0.9690846999317207,0.9659285486264251,0.967239144672104,0.9766296275690292,0.9498572755300402,0.9734773754685215,0.9865161914998715,,0.9024248106217161,0.8025882331330321
4.1000000000000005,0.8675558510845158,0.037151045136203015,0.22117969835048112,0.9197996256960034,0.968732226151628,0.9699404205553424,0.9701857802969831,0.9785562566991493,0.9540994044532434,0.9711346164574165,0.9827625430717444,,0.9224633098892463,0.8425212367075845
4.15,0.8832801491931047,0.01890792075776309,0.2336516719335055,0.910162399051696,0.962131920685753,0.9739131846041903,0.9654226878872364,0.9716787977662541,0.9540420317875292,0.9738360293855013,0.9744953933094762,,0.9670187105394923,0.8934886648487432
4.2,0.8936272042707888,0.014231206406860118,0.2546093827869166,0.8938322096516135,0.9531809108692559,0.9709217838057569,0.9534858322458337,0.9583733130552421,0.9478004125479286,0.9696400059266984,0.9621168643885845,,1.0339240740465145,0.94325733223209
4.25,0.8972954017186777,0.05358241293598644,0.2829577708396793,0.8714961055032334,0.9373391424812715,0.9604306867812037,0.9350589739061121,0.9483376623486913,0.935472593781936,0.9579248897454965,0.9462254923689966,,1.120206622353407,0.9793084719511529
4.3,0.8932414864275023,0.09871603743985906,0.31693256942181597,0.8440801755297321,0.9149237881954305,0.9421992760538993,0.9109359228789095,0.9324164723383108,0.9173093770969545,0.9387248994517645,0.9276092202595262,,1.2220669493434326,0.9914812609979392
4.3500000000000005,0.8808157974797458,0.14638334511744916,0.35428680952559355,0.8126887296778735,0.8865279698769414,0.9163627826557118,0.8819874017136953,0.9106163304756133,0.8937146551837586,0.9123460775595154,0.9072162202429777,,1.334952625280919,0.9741065996834655
4.4,0.8598737009719616,0.19324611757122695,0.39255432222551634,0.7785182637530377,0.8530192957662137,0.8834747068973428,0.8491318150506584,0.8831566163901233,0.8652328125230289,0.8793863163802312,0.886101732466095,,1.4537423940241037,0.9272102509505151
4.45,0.8308419856884336,0.23623634912013836,0.4293489021661622,0.7427676369191191,0.8155100547121581,0.8445043120992662,0.8133145616966448,0.8505224333028465,0.8325289677824287,0.8407266711421871,0.8653558831903465,,1.5730473757230912,0.8565723082876741
4.5,0.7947236073354592,0.27287884848324884,0.46263494319047943,0.7065574358755752,0.7752950045858387,0.800783411403359,0.7754900175361549,0.81348879208052,0.7963615859561375,0.7974872781244403,0.8460182061948689,,1.6876072048189419,0.8055969450976657
4.55,0.7530292968129266,0.3015242309432754,0.490921249080359,0.6708767465426044,0.7337663463560423,0.7539107707657277,0.7366073796726322,0.773108989731705,0.7575541657706397,0.7509547141425398,0.8289925559874252,,1.7927385311832815,0.7974222990107012
4.6000000000000005,0.7076454372035785,0.3214282953110976,0.513335043097088,0.6365598426794598,0.6923178030297132,0.7056301629436239,0.6975976351907782,0.7306667408496171,0.7169700973011854,0.7033219752133054,0.8149748565873883,,1.8847351164680508,0.7614319476428899
4.65,0.6606554190940414,0.3327186010592064,0.5296028863126245,0.6042879715532727,0.6582801282184719,0.6599085997066887,0.6593573456454526,0.6875923182815018,0.675490055323706,0.6770968159111961,0.8044032781476573,,1.961210884572171,0.69162736536916
4.7,0.614154067201133,0.33624497787510743,0.5399486925700699,0.5746061820683921,0.6286039394633307,0.6340678811335431,0.6227325515875958,0.6453609657280805,0.6339970097475238,0.6550608659987158,0.7974392874068714,,2.021277871874447,0.5866721944988371
4.75,0.5700782361060674,0.3333828294250229,0.5449644840669052,0.5479417056196249,0.6021513278136064,0.6110690218356551,0.5930603926898842,0.6053840717258934,0.5933639180772388,0.637625709755203,0.7939798104348854,,2.065559088194898,0.5763562406754642
4.800000000000001,0.5300850096185431,0.3258192164899812,0.5454813817477363,0.5246162242965342,0.5790662126538381,0.5909125690810003,0.569009817915659,0.5854377159144378,0.5685167225447797,0.6249556043881433,0.7936960258329084,,2.0960101028954305,0.6244371189614413
4.8500000000000005,0.49547961719397854,0.31536719760999343,0.5424715785239436,0.5048541634033521,0.5593157150951367,0.5735040422862685,0.5496615600783842,0.5708378247499655,0.5590610212955343,0.616993147745609,0.796092100901111,,2.11558515480062,0.6928865655043188
4.9,0.46719286790732617,0.3038108096755732,0.5369785269080911,0.48878637493734994,0.5427462811968269,0.5586987897740712,0.5347855977691551,0.5593390576601516,0.5544932665072791,0.6134947217766641,0.800571739871792,,2.127786432805252,0.769581440027004
4.95,0.44579713751118377,0.29279250332237416,0.5300722339560142,0.476462013823425,0.5291489909105536,0.5463478777557464,0.5239857833306375,0.5504491687081088,0.5540462853690303,0.6140739066976356,0.8065049659698714,,2.1361581856048897,0.8412576157020353
5.0,0.43155283862854965,0.2837324421188691,0.5228102280329072,0.46786531685713817,0.5183191058576243,0.5363358890646217,0.5167968322983832,0.5437692335154818,0.5568443273992941,0.6182414489663994,0.8132842947117569,,2.1437985197342897,0.8957445276034316
