t,Czz_11_0,Czz_11_1,Czz_11_2,Czz_11_3,Czz_11_4,Czz_11_5,Czz_11_6,Czz_11_7,Czz_11_8,Czz_11_9,Czz_11_10,Czz_11_11,Czz_11_12,Czz_11_13
0.0,-2.220446049250313e-16,0.0,0.0,-2.220446049250313e-16,-2.220446049250313e-16,-2.220446049250313e-16,-2.220446049250313e-16,-2.220446049250313e-16,-2.220446049250313e-16,-2.220446049250313e-16,-2.220446049250313e-16,-4.440892098500626e-16,2.220446049250313e-16,-2.220446049250313e-16
0.05,1.0734332311912453e-09,-2.6823723878622446e-07,2.6630831679794187e-07,8.543850071873749e-10,1.1036727087798681e-12,-1.1102230246251565e-15,-3.3306690738754696e-16,-2.220446049250313e-16,-9.992007221626409e-16,-4.305666934101282e-12,-1.5491662730404698e-08,0.009931227333972004,-0.009906520650929673,-2.4691187074266097e-05
0.1,-3.82699039125356e-09,-4.180694869473922e-06,4.113530586859204e-06,7.073018315484347e-08,2.607211113669905e-10,3.6859404417555197e-13,3.3306690738754696e-16,-3.3306690738754696e-16,-6.731282198302324e-13,-1.0747827072776772e-09,-9.657649344685382e-07,0.038908859010496344,-0.03852745006512326,-0.000380442104982448
0.15000000000000002,-7.078657759951312e-08,-2.031881732797447e-05,1.961670830590012e-05,7.661581153950436e-07,6.71456856782271e-09,2.2874147020957025e-11,4.118927421359331e-14,-3.375077994860476e-14,-3.7333247604465214e-11,-2.6422326770969562e-08,-1.0532486490411053e-05,0.08461363881363404,-0.08279413529877722,-0.0018089445686730876
0.2,-6.446312051933134e-07,-5.9308626434689815e-05,5.594578581000209e-05,3.944889686136044e-06,6.218992132378531e-08,3.909285117842387e-10,1.2899681323119694e-12,-1.0118572646433677e-12,-6.280641562383948e-10,-2.4912164953150295e-07,-5.5722102857203026e-05,0.14358413322612562,-0.13828940102683018,-0.00523876034570947
0.25,-1.96683989939217e-06,-0.00013118262006010795,0.00011923621898121683,1.3570044119948221e-05,3.3980099134467423e-07,3.3782144859273444e-09,1.7573720256791603e-11,-1.3798295839251296e-11,-5.4613276123660626e-09,-1.3800550525688848e-06,-0.00019696503159727374,0.2117119223336179,-0.20007616796797434,-0.011437403803786661
0.30000000000000004,-4.0200620958774635e-06,-0.00024201426274986226,0.00020898513596123713,3.571696232462784e-05,1.3130533331739969e-06,1.902856738844605e-08,1.4370993284273936e-10,-1.1379575060033176e-10,-3.1135371614254836e-08,-5.433834578849606e-06,-0.0005367263173485792,0.2847737976495973,-0.2635273123894153,-0.02070429385814021
0.35000000000000003,-5.452072768030725e-06,-0.00039328017704065577,0.0003171347579482009,7.754618532529456e-05,3.971077729092443e-06,7.939793877920209e-08,8.23374257663545e-10,-6.61022903081232e-10,-1.3216974459329123e-07,-1.683980457767298e-05,-0.0012175242516466733,0.3588894184167215,-0.32495393031126096,-0.03270099121097558
0.4,-3.749935287511441e-06,-0.000581873943921174,0.00042966255221743577,0.0001456799405374909,1.0012210105769803e-05,2.655008387586477e-07,3.6316767371147307e-09,-2.963132517130873e-09,-4.508474734654655e-07,-4.366645076803177e-05,-0.0024077971542316723,0.4308245936478874,-0.38191836382907973,-0.04645431235936659
0.45,5.709852950563921e-06,-0.0008023962651952932,0.0005299767208427619,0.00024404237117703342,2.19059882375916e-05,7.480344930144156e-07,1.3093968909139164e-08,-1.0874662170756721e-08,-1.298404324723279e-06,-9.858025481790378e-05,-0.0042780906602973845,0.4981467623255531,-0.4332449190273502,-0.06052386290057443
0.5,2.740264435951989e-05,-0.0010471313390479353,0.0006027005143354747,0.00037236711887611573,4.278129745716175e-05,1.838749185578692e-06,4.022794664049201e-08,-3.402592319012854e-08,-3.2658269144558716e-06,-0.0001991169948766247,-0.0069721523380048556,0.5592235110643056,-0.47878299524743223,-0.07326594584427043
0.55,6.399571823234584e-05,-0.0013068463898968097,0.0006369460351105527,0.0005256206040440414,7.612851616445315e-05,4.044374014244845e-06,1.0852014975526458e-07,-9.343553308838182e-08,-7.350379295778531e-06,-0.00036692813339245234,-0.010578388063547606,0.6131235926316219,-0.5190447503724059,-0.08312607962526347
0.6000000000000001,0.00011519039712842849,-0.0015720814580099662,0.0006284717310220955,0.0006946598545714555,0.00012537663788692033,8.112238069291067e-06,2.628726931686032e-07,-2.30041108495449e-07,-1.5070803113248488e-05,-0.0006258401526354485,-0.015106314772904805,0.6594653898422052,-0.554824512894322,-0.08889341345148516
0.65,0.00017777628648346644,-0.0018336217720642534,0.0005790704599222818,0.0008676804191840026,0.00019343547140138195,1.5056910319222183e-05,5.816957212578799e-07,-5.160677791771207e-07,-2.8533373430228437e-05,-0.0009987855404151036,-0.0204713120937573,0.698254836826649,-0.5868838833323347,-0.08987178588989991
0.7000000000000001,0.00024407082568717042,-0.0020815221259264938,0.0004950559943482369,0.0010326114302262601,0.00028237716470524976,2.616478493622232e-05,1.1919901319323856e-06,-1.0680782409622225e-06,-5.0405195341496345e-05,-0.0015038676665591888,-0.026489269712482222,0.7297351065828837,-0.6157303424298306,-0.08596010356453893
0.75,0.0003052247325435187,-0.0023078102169802883,0.0003850717167788731,0.0011789710535263787,0.00039317892048829073,4.2964905149545096e-05,2.2863448536081243e-06,-2.059221109018683e-06,-8.375884117983734e-05,-0.002150142747899708,-0.03288355470457771,0.754272362501434,-0.6415127619671833,-0.07763997247584459
0.8,0.00035203626296759216,-0.0025059929628991617,0.00025734537523253165,0.0012993997291304016,0.0005256622909308173,6.717152733243248e-05,4.140510713623868e-06,-3.726682306304241e-06,-0.00013176583914242812,-0.0029337694484280474,-0.03930368344151136,0.7722672639765843,-0.6640045647221949,-0.06588951657641257
0.8500000000000001,0.0003793975660369986,-0.002674794605436903,0.00011777974553123238,0.0013907606931632954,0.0006786483599219295,0.00010060681434509444,7.1298917123097105e-06,-6.369262867456094e-06,-0.0001972454570963178,-0.00383529939700078,-0.045354668407938004,0.7840906162659946,-0.6826515399360287,-0.05204502227033786
0.9,0.00038385678099944753,-0.002814151769140294,-3.115027929845304e-05,0.0014536979387075322,0.0008500312924716313,0.0001450856141655965,1.1741459557679246e-05,-1.0330639383993034e-05,-0.0002821299204349703,-0.004819124361288285,-0.050637286312674,0.7900515008448665,-0.6966764668417724,-0.037625273806776105
0.9500000000000001,0.0003646255748907534,-0.0029260155088705053,-0.00019038991842362796,0.0014922167201447123,0.0010370801118075312,0.00020230437579521476,1.8580486792929563e-05,-1.5964065171458763e-05,-0.0003869079622817462,-0.005835133219478206,-0.05478980849368764,0.7903739671387872,-0.7051965753935997,-0.024147979846707746
1.0,0.00032188347782785565,-0.0030126239339969274,-0.0003632041830100019,0.0015124579903801338,0.0012366443841654307,0.00027372074853648787,2.8369512399040175e-05,-2.3578387735867512e-05,-0.0005101705542652768,-0.006822978489570308,-0.05752906235074934,0.7852005047914524,-0.7073606451805853,-0.012951317824848319
1.05,0.0002555765078535721,-0.003075674362165215,-0.0005534515464217793,0.0015213515658534793,0.0014452718616319027,0.00036043107204619673,4.193831546883686e-05,-3.336996993219543e-05,-0.0006483829341518699,-0.007718561844037297,-0.05868381011868168,0.7746158074850629,-0.7024856472708316,-0.005041478761695195
1.1,0.00016505248087200775,-0.0031169420593096797,-0.000763684437224299,0.0015256723742957945,0.0016593483565307543,0.000463068667155897,6.020579647630919e-05,-4.534607388390066e-05,-0.0007959185760195164,-0.008461205417742756,-0.05821109723493273,0.7586785892632877,-0.6901712194561971,-0.0009865236833059288
1.1500000000000001,4.9461086541691124e-05,-0.0031395598601545727,-0.0009936245766841711,0.0015314058510310091,0.0018751884248350836,0.0005817224048799696,8.415446532816784e-05,-5.925333699541291e-05,-0.0009454364850953745,-0.0090009315787688,-0.0561975454010219,0.7374687599790009,-0.6703877277675203,-0.0008666132053762876
1.2000000000000002,-9.126143548732202e-05,-0.0031493327893666323,-0.0012393626636170718,0.0015433775514235304,0.0020890402637525063,0.0007158626657604028,0.00011479630478350433,-7.452201102930989e-05,-0.0010885302215566384,-0.009304148266082612,-0.052842760345002626,0.7111325572745781,-0.6435180523771048,-0.004287663951054288
1.25,-0.00025512645904068876,-0.0031562348718975897,-0.0014932856363188973,0.0015653788806485602,0.002297188890730162,0.0008643086116868481,0.00015313379888026724,-9.02353757342711e-05,-0.0012165441790227272,-0.00935679783663168,-0.04842888469176887,0.6799163141651385,-0.61034308887287,-0.010456126423797008
1.3,-0.00043732532414109127,-0.0031743920050069097,-0.0017445581073907146,0.0016000588470094224,0.002495868291885528,0.0010251746089371405,0.00020010801019842983,-0.00010513239778331407,-0.0013214479345804442,-0.009164873710868604,-0.04328438486438352,0.6441905083346722,-0.5719785626536626,-0.018301041094888282
1.35,-0.000630342866172251,-0.0032212895288500354,-0.0019800788457731144,0.001649144612507203,0.0026813591507159895,0.0011958844448854977,0.00025654622487558676,-0.00011764317671925095,-0.001396600020399319,-0.008752040801566663,-0.03774534310823974,0.604444780626723,-0.5297567236808636,-0.026627653031123244
1.4000000000000001,-0.0008244252215562353,-0.003316231209680054,-0.0021853413930453813,0.001713379468875731,0.002849928095877363,0.0013731578062567973,0.0003230914282201791,-0.0001259542818032866,-0.0014373177063060627,-0.008155540925296134,-0.03212406036617543,0.5612757975815472,-0.4850909424254724,-0.03427554085144091
1.4500000000000002,-0.0010093053748647662,-0.003476520659398352,-0.0023454887292559956,0.0017919925919641644,0.0029975049939791054,0.001552930228168048,0.00040010620829744603,-0.00012809809829195107,-0.0014411574017828555,-0.007420777413820079,-0.026684801720109785,0.5153541856553856,-0.43932896204878474,-0.0402616082314835
1.5,-0.0011742576606413868,-0.00371661325654718,-0.002446033833352068,0.0018827731448628482,0.0031196887965868614,0.001730331829170706,0.0004875572445918186,-0.00012205553867261631,-0.0014079053419844278,-0.006595845806991241,-0.021630413194923093,0.4673877368723678,-0.39362493560984835,-0.04389002764461869
1.55,-0.0013100224983266795,-0.004044079381082449,-0.002473961563477789,0.00198156631416857,0.0032115225138457104,0.0018995938538520774,0.0005848547749217614,-0.00010588801120448021,-0.0013394346306485616,-0.005727187348393614,-0.017099773378269956,0.4180957265167289,-0.34885722963279303,-0.044815687529317194
1.6,-0.001408023247162049,-0.004458456971349833,-0.0024184873086572356,0.00208187540105087,0.003267220174534957,0.0020538496158453157,0.0006906075635614295,-7.788562289956502e-05,-0.0012393284311877917,-0.004855992266395548,-0.013171273849586163,0.3681924183164058,-0.3055980652955722,-0.04305845807858666
1.6500000000000001,-0.0014603268710734474,-0.004949465599456582,-0.0022725545347985765,0.0021747841541076562,0.003280329468558496,0.0021850891374303183,0.0008023432799365571,-3.6757868195569365e-05,-0.0011125071858631985,-0.004016196925285542,-0.00987141849259665,0.31838540443232555,-0.26413670043033805,-0.03897202256475296
1.7000000000000002,-0.0014605052698329901,-0.005493465174457007,-0.002034399493955674,0.0022485295035525876,0.003243697497815279,0.002284040151442679,0.000916123805814073,1.810209383812378e-05,-0.0009649240502603851,-0.003233935724167525,-0.007186168208439425,0.26940477349033365,-0.22457035309618312,-0.03317151552550612
1.75,-0.0014033962580014547,-0.006052098927065305,-0.0017096146309736326,0.0022888336671139653,0.0031500168248445037,0.0023403555642992346,0.001026164369514082,8.629665469439551e-05,-0.0008032337417717139,-0.0025275593975802035,-0.005070974663400563,0.22203030769699594,-0.18692277292593473,-0.02643232423273756
1.8,-0.0012883481203612712,-0.006567719796887819,-0.0013135394005472367,0.002279334187170412,0.0029925428922499275,0.0023431142732840415,0.001124528738893349,0.0001660084626919911,-0.0006346745646671481,-0.0019088200545457346,-0.00346122411525962,0.17713871295857508,-0.1513009688198793,-0.019568946640720286
1.85,-0.0011204205087833596,-0.006962511419843248,-0.0008733051556786275,0.0022027487959127567,0.0027660259386121933,0.002281617839708039,0.00120096387630797,0.0002535495031683599,-0.0004668919512993419,-0.0013840081648226477,-0.0022805031572743495,0.1357345909322094,-0.11804018687348639,-0.013311669654724634
1.9000000000000001,-0.0009122834241576117,-0.007139071286792767,-0.0004291098115232206,0.002042634062613624,0.002467778596859649,0.002146562453061218,0.0012430514988811536,0.00034290838011141744,-0.0003078433797633062,-0.0009554167344906217,-0.0014484837396573358,0.09896470371116362,-0.08781876796330956,-0.00819666236299077
1.9500000000000002,-0.0006848442656066656,-0.0069857794597968925,-3.392496009013701e-05,0.001785899087223708,0.0020989076076854962,0.0019316276050364012,0.0012369004063922384,0.00042542568450765206,-0.0001657105540556758,-0.0006228201495477315,-0.0008885221216805572,0.06810033057982479,-0.06170745794278232,-0.00449003151711147
2.0,-0.0004643019327105202,-0.0063884706254346835,0.0002496875136098198,0.00142551914710487,0.0016649912545453338,0.0016348062300746147,0.0011682237860702882,0.0004896736770824139,-4.8705076678756676e-05,-0.0003846191730992876,-0.0005348702603029665,0.0444776207000912,-0.04112227342407204,-0.0021672818162821184
2.0500000000000003,-0.0002769996068385794,-0.005247687451861091,0.0003557415030600586,0.000963243219705201,0.0011764894951523663,0.0012595893882952902,0.0010239851081101925,0.0005216937302460201,3.514406654336888e-05,-0.00023881709125206374,-0.00033969304599834604,0.02940024470561986,-0.02767573423825309,-0.0009571997825290612
2.1,-0.00014196507509856016,-0.0034998586046682406,0.0002241618833004888,0.0004115412437328825,0.0006484770481498536,0.0008154629594541163,0.0007943303300542714,0.0005056573864158365,7.828072449589385e-05,-0.00018354137876408494,-0.0002787280901795919,0.024011107339168447,-0.022936264613131696,-0.0004486611529294082
2.15,-6.34987352953198e-05,-0.0011381691234907398,-0.0001877691554538763,-0.0002058177731614208,9.973677373764644e-05,0.0003175886132090744,0.00047458763395769044,0.00042501474996203825,7.397719682866732e-05,-0.00021705306849739703,-0.0003544159046720008,0.029149145804068355,-0.028134562056748247,-0.00023876495444896673
2.2,-2.629450687474666e-05,0.001772349567549042,-0.0008938419900448302,-0.0008550164936833582,-0.00044874306878472936,-0.00021443089479167288,6.690586233226714e-05,0.0002640296944905751,1.6705930159899296e-05,-0.0003372535563180845,-0.0005953365953547118,0.04521976150125728,-0.043883123597353024,-8.571185258410274e-05
2.25,4.505006919508503e-06,0.0050904642145491175,-0.0018697781048750972,-0.001495348557205456,-0.0009756388423153295,-0.0007584907984934386,-0.00041879330038163687,9.58420237051616e-06,-9.749153628768603e-05,-0.0005407576793591273,-0.0010512670749753816,0.07210015806265968,-0.06997511419360114,-2.203139900447404e-05
2.3000000000000003,7.727439711568973e-05,0.008608775367700133,-0.0030494260754458935,-0.0020840160135100483,-0.0014613076064634578,-0.0012923332801207943,-0.000964871055991745,-0.00034700361237216537,-0.0002707030778714703,-0.0008217742882926649,-0.0017841796592000803,0.10910572901939786,-0.10532540576570104,-0.0003907583492412936
2.35,0.00024283561141980048,0.012077349373797952,-0.004327923815992507,-0.0025816783046119784,-0.0018895912888000632,-0.0017958394373771558,-0.0015471198529237729,-0.0008083844265786011,-0.0005029403464740234,-0.0011710695785019931,-0.002856427028750219,0.15501997569641324,-0.14807231312952163,-0.0017868734721000479
2.4000000000000004,0.000541259913392711,0.01523710264325942,-0.005572437530678931,-0.0029577335837773777,-0.0022491237231424543,-0.0022528383754932824,-0.0021369127657345777,-0.0013701032336824737,-0.0007920876185778525,-0.0015753259775912465,-0.004318210991726912,0.2081943554609912,-0.19583421939290246,-0.004913724824329835
2.45,0.0009904801524116547,0.01785607481562143,-0.006639051421632458,-0.0031943496989593756,-0.002534009921747571,-0.00265220546577416,-0.002704079670163617,-0.002020215627927535,-0.0011340133317592205,-0.002017141144643242,-0.006196677072617618,0.26669390433994455,-0.24605859908411098,-0.010390116868645327
2.5,0.0015803230993294282,0.019760165065915797,-0.007392787075054752,-0.003288364887313766,-0.0027436776265613583,-0.002988011291839787,-0.0032199528631922103,-0.0027396169210840426,-0.0015228032684116988,-0.002475709084636457,-0.008488446729228105,0.3284641478679764,-0.2963868338128388,-0.01855843247306177
2.5500000000000003,0.0022738229940131305,0.020852925806299327,-0.0077274037377138005,-0.0032508836844865607,-0.002882069502262663,-0.0032589142581909147,-0.0036601810569342197,-0.0035030720048364605,-0.001951091688018991,-0.002928155527094911,-0.011156810563261899,0.3914947854139147,-0.34495832980396024,-0.029344622387466934
2.6,0.003015119830335866,0.021121087728607296,-0.0075814051915218394,-0.003104676259210737,-0.0029562517430420376,-0.003466912347262152,-0.0040067693106132785,-0.0042806565855416645,-0.002410350714130871,-0.0033512449312894654,-0.014133317933014311,0.45395041240600476,-0.3905907563654459,-0.04220427858387732
2.6500000000000004,0.0037410609403785156,0.020627903868649322,-0.00694840781951106,-0.002880095596703991,-0.0029747699019542218,-0.0036158334783623625,-0.004249159002599923,-0.005039388598793604,-0.002891048302555599,-0.0037232048087453284,-0.017322799384752452,0.5142551542281402,-0.43281458460670014,-0.05616482753649066
2.7,0.004392715074118758,0.019498630234212583,-0.005881261072356536,-0.0026102889430961174,-0.00294602600530236,-0.0037098727407667287,-0.004384314742378548,-0.0057448352076377995,-0.003382590234499938,-0.00402540418740982,-0.020610449616596083,0.5711314584334981,-0.47177659487167634,-0.06995116612011343
2.75,0.00492344764779773,0.017903355007129335,-0.004490551888692296,-0.002326486863662436,-0.0028769310884585453,-0.003752419413146302,-0.004415957972655815,-0.0063625068158468245,-0.003872958492301959,-0.004243669286248641,-0.023869351589244747,0.6235964995896086,-0.5080487697112785,-0.0821636991230022
2.8000000000000003,0.005302109729798443,0.016040218192426847,-0.0029381552912768893,-0.002053888059057707,-0.00277198633508291,-0.003745292239460407,-0.00435317469006391,-0.006858939056126445,-0.004347994446832537,-0.004369095860752958,-0.026967463097533284,0.6709329816573051,-0.5423938405689521,-0.09147547993439042
2.85,0.00551190706737037,0.014121390337708206,-0.001426895541095985,-0.0018086529582946875,-0.002633046110966375,-0.0036886218960712203,-0.004208932154383338,-0.007202827408212209,-0.004790528498889501,-0.004398470304951996,-0.029773908248468817,0.7126457844241323,-0.5755344942968398,-0.09681270441103601
2.9000000000000004,0.005547022083038089,0.012358805987478905,-0.00018525858283074959,-0.0015960442871714164,-0.0024596873912409722,-0.003581240588704071,-0.003998602938503015,-0.007366275100567254,-0.005179461347727177,-0.004334236873597519,-0.03216485924074208,0.7484193722595059,-0.6079602200899912,-0.09749931388894573
2.95,0.005409310288442215,0.0109474589343313,0.0005536016139613964,-0.001409945592447448,-0.0022502038523579126,-0.003421556285495453,-0.003738712494861407,-0.007326429758228947,-0.00548909525627389,-0.004184088577729117,-0.034029521489891246,0.7780770551350865,-0.6397876904076853,-0.09335018225684899
3.0,0.005106714370927579,0.010042922601994186,0.0005799947532965644,-0.001233891492792294,-0.0020030218107010556,-0.0032086517075402,-0.0034457919277381954,-0.007067379081865888,-0.005688899842325623,-0.003960081987957165,-0.035276386108079205,0.8015412783953321,-0.6706789545826786,-0.08470785157987099
3.0500000000000003,0.004653594043516895,0.009735244961383616,-0.0002584257547070812,-0.0010439886128433828,-0.0017184614627170913,-0.002943593764063668,-0.003135484247705045,-0.006582551492782918,-0.005744242227577079,-0.003677452507665102,-0.03584020223645734,0.8187895335691397,-0.6998156147937292,-0.07241835547379094
3.1,0.004071936455921965,0.010021961689832881,-0.002019903642430154,-0.0008137976641081623,-0.001400428755099603,-0.0026305954702064427,-0.002821663101369054,-0.005877078981611605,-0.005618229286672105,-0.003353056979965574,-0.03568881302703181,0.8298026946195461,-0.7259249207886191,-0.05774810506818573
3.1500000000000004,0.0033917356708417223,0.010786917885866942,-0.004635829589087204,-0.000520959111644681,-0.0010575700429089618,-0.002277663153517462,-0.002515405542992455,-0.004969295215314751,-0.00527445925329334,-0.003003446093536255,-0.03482787951448263,0.8345037419101955,-0.7473550889680218,-0.042244798982102094
3.2,0.002648928512952342,0.01179503136804827,-0.00789161450858944,-0.00015477822812426378,-0.0007035970129806723,-0.0018967139185825932,-0.0022240905580068193,-0.0038912379284280485,-0.0046808201056068865,-0.0026429781503394256,-0.03330289794725638,0.832701647125325,-0.7622052586327779,-0.027551620015631884
3.25,0.0018803159837146866,0.012710167446624121,-0.011430798553810795,0.00027690097572014016,-0.0003564326082135527,-0.0015030067981496864,-0.0019507175187359893,-0.0026876099123911423,-0.003813895417257185,-0.0022822481408609763,-0.03119730666930781,0.8240598354237014,-0.7685125519386385,-0.01519265227239347
3.3000000000000003,0.0011161582788130064,0.013138906921700833,-0.014789004966312136,0.0007437643648806613,-3.6097573154036944e-05,-0.0011138717422683464,-0.0016935923092021299,-0.0014129137899314137,-0.002663252548914863,-0.0019271343149303566,-0.02862603686958176,0.8081089670255754,-0.7644880201247627,-0.00635787235191132
3.35,0.00037266185121348494,0.01269607613987822,-0.017458113690650534,0.001194214154686346,0.00023837278980221033,-0.0007468936750107957,-0.0014465099889156008,-0.00012691465571179616,-0.0012347803187995887,-0.0015786782429030866,-0.02572479015568957,0.784315524815212,-0.7487782688181878,-0.0017219002049227994
3.4000000000000004,-0.0003525022243843212,0.011080812726107614,-0.018972273486685787,0.001562874518457713,0.00045225319478875425,-0.0004180200961091951,-0.0011996791878672863,0.00111068432128969,0.00044723344591657277,-0.0012340239441689937,-0.02263760932763481,0.7522104149902422,-0.7207154443288785,-0.0013347206010712043
3.45,-0.0010787629941642063,0.008144883543409753,-0.018999053460446724,0.0017838513969212766,0.0005979166073868392,-0.00013981801491991241,-0.0009411659400453409,0.0022458078777409796,0.002340087615434916,-0.0008881027732369207,-0.01950393188097377,0.7115522437868033,-0.6805006580456797,-0.004613297718231046
3.5,-0.001833878226908281,0.003935675151696294,-0.01741515629825463,0.001807047435960829,0.0006762839154400568,7.972433275160729e-05,-0.0006587783881557563,0.0032348282543270823,0.004384719979397711,-0.0005357804122499976,-0.01644784051960768,0.662495737454485,-0.6292772424611146,-0.010445340217767773
3.5500000000000003,-0.0026393832352447077,-0.0012995960702261722,-0.014346176117543519,0.0016130859714895696,0.0006965191956246342,0.00023778893962722591,-0.00034187864340917695,0.004047954949723986,0.006509947109779812,-0.00017379334436851135,-0.013569729375049522,0.6057108673878253,-0.5690521658431427,-0.017393440925084214
3.6,-0.003494199093427963,-0.0071492136041929055,-0.010159877433992381,0.0012221889507423311,0.0006739902857364477,0.0003364884449882366,1.684745813956834e-05,0.004670571019552594,0.008637877991554244,0.00019773255919519617,-0.010942902215270611,0.5424391220009157,-0.5024879430716733,-0.02396068329226897
3.6500000000000004,-0.004362388411019769,-0.013103302713020515,-0.005412372530026688,0.0006935340876138563,0.000627080637779609,0.00038206660144812776,0.00042011508339323544,0.00510260085849068,0.010690073168526992,0.0005746503861642216,-0.00861360126093691,0.4744625947004393,-0.43259818439436176,-0.02886286621449119
3.7,-0.005170644180288009,-0.018633161786456715,-0.0007588573507577578,0.00011427256558904642,0.0005736528750924785,0.00038373128440616355,0.0008653432119392068,0.005356063041731862,0.012593351804606745,0.0009490617516092481,-0.006603766472872974,0.4039938635734227,-0.36241313193039126,-0.03124977838763232
3.75,-0.005818238620272309,-0.023264127913685623,0.003151139685671156,-0.00041951867547895816,0.0005279819875843028,0.00035236638033930845,0.0013444559324963246,0.005451489545423516,0.014284492359065037,0.001310263551029367,-0.004915658292022118,0.33351837751232183,-0.29469388810973113,-0.03082913534274323
3.8000000000000003,-0.006198159441059836,-0.02662734052086188,0.0057727030705752025,-0.0008253215310507489,0.000498696156503553,0.00029935496509014836,0.0018440975237266066,0.005413938852285249,0.015713334998342154,0.0016460695969114925,-0.003537042070424823,0.2656238263372881,-0.23175311119382558,-0.02787104674349461
3.85,-0.006224180043614802,-0.0284853003803902,0.006742082236550817,-0.0010543957731306008,0.0004878822245492076,0.00023566544679509693,0.002346130416354786,0.005269269802159693,0.016844069414929663,0.0019441636250951966,-0.002445949204430198,0.20284436619833102,-0.17540429239275146,-0.023099511570449427
3.9000000000000004,-0.00585622759199389,-0.028734809373572215,0.005921253494166084,-0.0011045025498510608,0.0004911774074657371,0.00017122856764062444,0.002828271762893464,0.005041168522847084,0.017654814760384774,0.0021931970453029637,-0.0016145761860205665,0.14753593110507446,-0.12702624993969913,-0.017500677024637423
3.95,-0.005116351493176907,-0.027396743880808632,0.0034082468236229513,-0.001021603595700138,0.0004985137534133655,0.00011453309051057126,0.0032647949883084504,0.004749269505253895,0.01813602441024409,0.0023834831053650696,-0.0010123265608883436,0.10178419311661491,-0.08769942996878255,-0.012092603293978876
4.0,-0.004089994465781177,-0.024602402273375033,-0.00048418967727067996,-0.00088948568672087,0.0004952109300958574,7.226917522940024e-05,0.0036273725081549246,0.004408517999142658,0.018288650314537636,0.002507310279788566,-0.0006083272036776499,0.06733619223281495,-0.0583551416474396,-0.007705982485500251
4.05,-0.002911518257105672,-0.020581451593124703,-0.005275680888908091,-0.0008088838116255825,0.00046329385470456064,4.883179250891878e-05,0.003886157796685108,0.004029436498456107,0.018122291998434736,0.0025589357958295533,-0.0003738135944846288,0.04553587867168707,-0.039872399665232594,-0.0048210785978308746
4.1000000000000005,-0.0017373039521214606,-0.015650811733785797,-0.010384170633169404,-0.0008704123467704328,0.00038315800702592995,4.551771910932256e-05,0.004011185950232643,0.003618974061100788,0.017653588473821813,0.002534344528824062,-0.00028495804583328344,0.03725322364286243,-0.03307842463413779,-0.003493911037162567
4.15,-0.000713476793372414,-0.010200404095140968,-0.015202810969731667,-0.0011279607163414695,0.00023586393262919891,5.932796946162e-05,0.003974381490884915,0.003181915826363624,0.016905902169612186,0.0024309936816891975,-0.000326494189329396,0.04280837505235591,-0.03863798035780963,-0.003387633001274315
4.2,5.320961274468683e-05,-0.004668670507244458,-0.01917646842126819,-0.0015800848261868783,6.284264308931142e-06,8.152928430549267e-05,0.0037519062400398484,0.0027220863627404057,0.01590877336012686,0.0022474647442534135,-0.0004959760570998339,0.061901221507160153,-0.056848407298747405,-0.0039028682651297553
4.25,0.0005136607255520342,0.0004937705995114311,-0.02186661927565814,-0.0021662374375966964,-0.00031295692706967415,9.627957716396018e-05,0.0033269258625437947,0.002243549726720029,0.014698032935331673,0.0019832312793574003,-0.0008080668258226842,0.09357178698274271,-0.08739624011406233,-0.004377117108712469
4.3,0.0006796167307058232,0.004871121534404735,-0.022993780847106737,-0.002780976887851394,-0.0007173294714434286,7.986786863367623e-05,0.0026923096945601355,0.0017514225877246492,0.013315370071763866,0.0016384973403342773,-0.0012975977465690125,0.13621403286507638,-0.12914912745789142,-0.004303426282348477
4.3500000000000005,0.0006119807699664914,0.008133677730903566,-0.02245236204079365,-0.0033037930973641716,-0.0011871347932198573,1.1583573411577675e-06,0.0018527974444170203,0.0012523024345640899,0.011807015163648238,0.0012141433589837325,-0.0020198382869380804,0.18766171304779156,-0.18006191749700795,-0.0035097425922858694
4.4,0.0003985945041974359,0.010084962478079246,-0.0203012565542261,-0.003636385645479634,-0.0016866356274342076,-0.00017630999220696886,0.0008262779228453976,0.0007544498481052431,0.010221970571526184,0.0007118538126290597,-0.003046668395989993,0.24534945264841557,-0.23725317613825903,-0.0022471294322077284
4.45,0.00012876379029680418,0.010696099743537246,-0.016738710002557,-0.003735108649812635,-0.00216670946626607,-0.0004903916194103353,-0.00035633383871658264,0.0002676156799250595,0.008609199163770453,0.00013434688335478562,-0.004457850346763492,0.3065257779189594,-0.29725747657174084,-0.0011592226845754672
4.5,-0.00012772886000422812,0.010120920640239783,-0.012073887926417615,-0.003627269879212691,-0.002571600138680852,-0.0009749592725699641,-0.0016527842565007278,-0.00019737029281918783,0.007014525433333807,-0.000514357531475107,-0.006328147109143201,0.368492823770735,-0.3564217631770922,-0.0011384014003937848
4.55,-0.00033103579165805197,0.008685358985145164,-0.006701534326721992,-0.0034047589822749913,-0.0028488304693234934,-0.001653894293690339,-0.0030125840926763514,-0.0006292166861510129,0.005477408265153194,-0.0012287006333778772,-0.00871205177116452,0.42882858885719244,-0.4113611800080389,-0.0031075690524129396
4.6000000000000005,-0.0004687769392212049,0.006849478495587646,-0.0010811288971568356,-0.0031969713663939636,-0.002960471703353562,-0.002535616470196178,-0.004381153773559188,-0.0010169305277678564,0.004028869514921762,-0.0020014635213528864,-0.011629327220292862,0.48555311915615273,-0.45937290170570233,-0.007786725041665221
4.65,-0.000543055874873799,0.005142586923565451,0.004289238232629833,-0.003132164959917305,-0.002892779359107922,-0.003609365223390615,-0.005704441908247482,-0.0013507232722363982,0.0026899381330280914,-0.0028238321633506924,-0.015054394630446888,0.5372242547390518,-0.4987297008658432,-0.015505559770858768
4.7,-0.0005536673197296116,0.004081188180642847,0.008910410960903725,-0.003300570027597871,-0.00266177816814972,-0.004844064401935633,-0.0069332517346218925,-0.0016229213576111068,0.001471829931587676,-0.00368555532713688,-0.018912091167911704,0.5829486367164881,-0.528792866652213,-0.02610529963271413
4.75,-0.00048620452748970866,0.004084010928388615,0.012335930975864828,-0.003730905061198886,-0.0023130654143450613,-0.006190087990147197,-0.008026627572183642,-0.0018287699469644592,0.00037726495697720797,-0.004575118497599839,-0.02308081239721904,0.6223280940934848,-0.5499465843198619,-0.038947125227703716
4.800000000000001,-0.00031176277028588384,0.005403275967590604,0.014234865754310655,-0.004386363426608919,-0.0019159050700980895,-0.0075836634967639815,-0.008954104258723339,-0.001967073802951802,-0.0005970506260962738,-0.00547988924111964,-0.027402361464007208,0.6553593705396581,-0.5633877077809801,-0.05301163032392536
4.8500000000000005,-3.404539872242651e-09,0.008085404242343608,0.014450964890151186,-0.005178544619916514,-0.0015528236761293002,-0.008952814926914354,-0.009696263571700725,-0.0020403898128745768,-0.0014573369235634237,-0.006385964455195459,-0.03169580739346484,0.6823132902799784,-0.5708311840860323,-0.06705852654214
4.9,0.0004597138437781867,0.011968181700007408,0.013041534859343229,-0.005992362546142105,-0.001307217204361999,-0.010224023863461884,-0.010244226614311014,-0.0020548487986482566,-0.002209614121777781,-0.007277942910860036,-0.03577317693055787,0.7036176198511854,-0.5741987973379892,-0.07980483992620557
4.95,0.0010391022282610907,0.016708289683254662,0.010283352830676606,-0.00671202542734145,-0.0012513236766756863,-0.011328051534002126,-0.01059782062102943,-0.0020193889208005578,-0.0028568905090922136,-0.00813835746959879,-0.03945326675880012,0.7197527488434807,-0.5753381075846131,-0.09008826108371981
5.0,0.0016644011391397928,0.02182857651305581,0.00664107248246959,-0.007240120708917219,-0.0014365615290562461,-0.012204706225457163,-0.010763592739086891,-0.0019447206173102138,-0.0033973283252978215,-0.008947253404781863,-0.0425729136200797,0.731172496745397,-0.5758083900058717,-0.09699095970420091
