t,mx_0,mx_1,mx_2,mx_3,mx_4,mx_5,mx_6,mx_7,mx_8,mx_9,mx_10,mx_11,mx_12,mx_13,mx_14,mx_15
0.0,-1.0000000000000002,7.498798913309248e-33,7.498798913309924e-33,-1.0000000000000002,-1.0000000000000002,-1.0000000000000002,-1.0000000000000002,-1.0000000000000002,-1.0000000000000002,-1.0000000000000002,-1.0000000000000002,-1.0000000000000002,-1.0000000000000002,1.0000000000000002,-1.0000000000000002,-1.0000000000000002
0.1,-0.9801672062480993,0.0016498529476388383,-0.0024319271641370893,-0.9610649120075324,-0.9613605836989579,-0.9614756629170278,-0.961539308316384,-0.9615673549221072,-0.9615640159802361,-0.9615284292536531,-0.9614537675051912,-0.9613154701325048,-0.9608779391161445,0.9605304943710637,-0.9607299889241293,-0.9802671790322699
0.2,-0.9225348198846962,0.002099927675251123,-0.013465377191698075,-0.8559373643804199,-0.8601524671358859,-0.8617559646816161,-0.8626241347977618,-0.8630046979473142,-0.8629591108387867,-0.8624752220578841,-0.8614539957948112,-0.8595056247570194,-0.8532733546214647,0.8483184149770888,-0.8512047467330742,-0.924002850623393
0.30000000000000004,-0.8318480564667565,-0.008700245684082503,-0.040696791855707244,-0.7128470290970491,-0.7305819834354388,-0.737078823212754,-0.7404711253260876,-0.7419441166393738,-0.7417644983892361,-0.7398828570583587,-0.7358712526237099,-0.7278382582715354,-0.7016494037542982,0.6807407547743901,-0.6932466250937118,-0.8383629382790228
0.4,-0.7140629893584095,-0.03928891652452342,-0.08857490243041943,-0.5627903263649493,-0.6066333018449324,-0.6218929808110462,-0.6294597299442845,-0.6326965618113501,-0.6322842216977145,-0.6281098885712527,-0.6190791788772679,-0.5997851299837877,-0.5351523048469569,0.48300677507913564,-0.5155164020828534,-0.7315390434592391
0.5,-0.5753462969742829,-0.0917095741211068,-0.1543872784428876,-0.42982217350579577,-0.5092976218674848,-0.5353228731338149,-0.5474038887928953,-0.5524536143863673,-0.5517482819688705,-0.5451134535583438,-0.5304743155219719,-0.49673670037583756,-0.3798472564046914,0.28352902311034694,-0.3472541833842927,-0.6108527266349785
0.6000000000000001,-0.42206362119261587,-0.1608609532791077,-0.22913991677329268,-0.32862021767495714,-0.4454708629154048,-0.48136578612414094,-0.4968003851774904,-0.5030164842753366,-0.501992666726188,-0.4935376393361669,-0.4743755629434534,-0.42668640326310675,-0.25541176641631635,0.1089555399245876,-0.2138570313138512,-0.4826618664013772
0.7000000000000001,-0.26109354735349644,-0.23681995498170622,-0.30110059534566447,-0.26564051376864706,-0.41249315170091916,-0.455174226145033,-0.47212330497098054,-0.47853565033484347,-0.47717942465516133,-0.46791674866838756,-0.44609710664316227,-0.3882154596024327,-0.1740701787935167,-0.020264605533417107,-0.13349747367373938,-0.3527698653911723
0.8,-0.09988824032704512,-0.30806665422042123,-0.3594978587741642,-0.24058441695665866,-0.4026833872550864,-0.44846757299704926,-0.4654078271860001,-0.47118260753977814,-0.46949187337275755,-0.46031016613392545,-0.4374379881924823,-0.37458517263842067,-0.14005488524508827,-0.09304648980339011,-0.11438144692183977,-0.22636256616992145
0.9,0.053804946697669095,-0.36430708095656433,-0.39710975070364335,-0.24770370393003796,-0.40651371378955375,-0.45254566582923544,-0.4687985671620411,-0.47354562144349766,-0.47155107846942007,-0.4629285268859482,-0.4398759237990129,-0.37678656876957556,-0.14978631073104354,-0.10898675026990898,-0.15330981649245995,-0.10756707699605245
1.0,0.19236309592566794,-0.3983729474863776,-0.41136395837194395,-0.2774628832256864,-0.4148505394015561,-0.459761707213928,-0.47546339836850954,-0.4793344369832324,-0.4771185367698893,-0.46906162484188046,-0.4460707287908508,-0.38589093455806495,-0.19332173136319764,-0.0774533794119039,-0.23634510272091866,0.0008527017334014112
1.1,0.30873543110291657,-0.40718736384401927,-0.4041042036165086,-0.31857111393057147,-0.4204375106337107,-0.46414977073885016,-0.47989556528996213,-0.48347891178048086,-0.4811878227998993,-0.4733403054467838,-0.45032379000888484,-0.39462480677747624,-0.2567870738881406,-0.014630762324284863,-0.3417125806090471,0.09739529034738201
1.2000000000000002,0.396968160269563,-0.39196456728178314,-0.38049669655610147,-0.3599724110814789,-0.418606611232044,-0.46160248441963875,-0.47806274681748623,-0.48213096668172845,-0.4799810376547172,-0.47182582416254903,-0.44854527898285995,-0.39798827336871234,-0.3250243565424188,0.06057944222513832,-0.44447953116446015,0.1813588699946968
1.3,0.45288767763923843,-0.3577444547366107,-0.34759378844958994,-0.3924905591004868,-0.40745414963048465,-0.44999306736017275,-0.46770901658269476,-0.4729687029951026,-0.47123382200841923,-0.46225363178811407,-0.43830773117154304,-0.3932497169242223,-0.3839625518939754,0.13050221827405695,-0.5221575512015493,0.25219122260607074
1.4000000000000001,0.4748008231963837,-0.3122452422613487,-0.312831482386432,-0.4099989057117803,-0.3877528246985029,-0.4293591399466973,-0.44873723806540877,-0.45573459836884594,-0.454692462292131,-0.44438421303532233,-0.4191511936549803,-0.37983067287202915,-0.42257661521237017,0.1815193655977362,-0.5598177798085187,0.30887168040134205
1.5,0.46388261414464527,-0.2641156234463769,-0.2825441112755756,-0.4100133749207895,-0.3625758980357232,-0.4018280026445487,-0.42315062010131643,-0.43232944164193543,-0.432161657689526,-0.4199689046631217,-0.3927157968542454,-0.35917711456507395,-0.43431997889966484,0.20559294333702427,-0.5529613604607826,0.3496284028043593
1.6,0.42400766700864806,-0.22093081577963572,-0.260677255408353,-0.39369256988276324,-0.33655801199515173,-0.3710593975418653,-0.39429009855886904,-0.40603620902913434,-0.40671390467442725,-0.3920798316528045,-0.36233874142865485,-0.3344482333477086,-0.41784786929145057,0.20077370711446127,-0.5070380055461289,0.37221292109771836
1.7000000000000002,0.3611159684923318,-0.18749798719394725,-0.24810867773765768,-0.36535708804807077,-0.31496233456308,-0.34148046334449267,-0.36585058794760117,-0.3803911861622491,-0.3815936090782072,-0.36425794552643026,-0.33231967449550814,-0.310013079619193,-0.3769534477064519,0.17087400795714838,-0.4340747228724753,0.3746426035961641
1.8,0.2824053040821704,-0.16502549523158158,-0.2428962422901349,-0.3315206486926771,-0.30267675788303844,-0.31757807854019204,-0.3412348985732179,-0.3584401097389255,-0.35952626530725856,-0.3399540272220459,-0.3071351412110384,-0.2907294843214951,-0.3196853169168065,0.12426398892670683,-0.3481396240193748,0.35606102101943765
1.9000000000000001,0.19554788321658204,-0.151427415735525,-0.24129949346311774,-0.29923690718590956,-0.3029718421738079,-0.30301181906113034,-0.32308833926591646,-0.3423082942613979,-0.3423467686777423,-0.32201275299131904,-0.2904453894785688,-0.2807386453029291,-0.2565252481708887,0.07184868340615409,-0.2614657492707069,0.31734406044599645
2.0,0.10796210271318125,-0.14257808670681346,-0.23906823840948635,-0.2739862558820291,-0.3161490344688888,-0.29944721835307736,-0.3126659368801303,-0.3326730083696499,-0.33055954051283193,-0.31184957178207284,-0.283884376244466,-0.2818676551676001,-0.19782830864346962,0.02457384760899614,-0.1823182942379176,0.26123071905689355
2.1,0.026125663441701433,-0.13397327102254666,-0.2325956046473078,-0.25813229667388266,-0.33896449369528336,-0.30584646185675246,-0.309407595441054,-0.32846314773641905,-0.32314515344983574,-0.308840131095703,-0.28640551954069354,-0.29259698347275154,-0.1514753827871358,-0.008968620468715886,-0.1147695175255657,0.19195866798209626
2.2,-0.045017343987235364,-0.1222437946347709,-0.21981113360962798,-0.250859568135146,-0.36556500725099894,-0.31898011150086486,-0.311323932656654,-0.3274082586252948,-0.31816657916285157,-0.31071353353124964,-0.29491282426708443,-0.30851676170561493,-0.12174240853634527,-0.0242252046552166,-0.05983974105732669,0.11457861968058917
2.3000000000000003,-0.10239620708919271,-0.10614795214896036,-0.200697462030429,-0.2492802248590934,-0.3893683656117173,-0.33470756356890075,-0.315871798365567,-0.3270668169025008,-0.3137663955739179,-0.3146409849429521,-0.3056331124865567,-0.3239007971276532,-0.10931616924321148,-0.02113566499632645,-0.01714507994571129,0.034248029878190304
2.4000000000000004,-0.14478136616474982,-0.08677143445988529,-0.17717824087258247,-0.24971347572984184,-0.40464152571293976,-0.3489138146135408,-0.3204502135538576,-0.3253143617101069,-0.3085684892873843,-0.3179446687639546,-0.3150317209704496,-0.3332221724894131,-0.11173461936521588,-0.0033001044622748372,0.013758143743851012,-0.04425565422389355
2.5,-0.17246706576109805,-0.06695796138251904,-0.1524323461807408,-0.24882537696039306,-0.40747553319187013,-0.3579998048337405,-0.32257782066762647,-0.32030253764857913,-0.3015270453581865,-0.31831352621451703,-0.32018813037127736,-0.33226795819890087,-0.12434317731785138,0.023455467437432178,0.03279393246261859,-0.11676919128709753
2.6,-0.1868906743002774,-0.05045430559164359,-0.1301694063779169,-0.24479601911677262,-0.3966303596824626,-0.3596348130119055,-0.32048258910070637,-0.3107925235427749,-0.29211597945475043,-0.3143019934016751,-0.31940710062690636,-0.31924313945226673,-0.14216702935838937,0.05243066724063105,0.03958945377004275,-0.1798582563433766
2.7,-0.19029499008690162,-0.04117515212467821,-0.11414244294234566,-0.2380060073099203,-0.3739941148208214,-0.3535944684450021,-0.313880730652361,-0.29685165882482883,-0.28085996278281644,-0.30602380788276157,-0.31288864342499334,-0.29551080496756355,-0.16174118263122478,0.07735249691316858,0.034163327981130996,-0.23093222448398082
2.8000000000000003,-0.18537204726138276,-0.04245298396257862,-0.10757026730581193,-0.23049669555479652,-0.34389759120658914,-0.3417326846972056,-0.30401083413706614,-0.27999223367824266,-0.26934310774083686,-0.29511954482800073,-0.30251370126702093,-0.26515027571074046,-0.18139138181239037,0.0936882080073889,0.017532040049780373,-0.268334843372349
2.9000000000000004,-0.174873702846244,-0.05607009027926028,-0.11227778507781327,-0.22451203543250492,-0.31146891547635824,-0.3269633928163646,-0.2928612690949703,-0.26251666640553983,-0.25948841097637587,-0.2838617502192492,-0.2907241276766838,-0.23349953186599418,-0.20007597569949603,0.09943839301345389,-0.008101160968795824,-0.29136313110354606
3.0,-0.16127706516657977,-0.08137953245823044,-0.12796944184750267,-0.22124113121104533,-0.28107348782114927,-0.31204989334543676,-0.2823334394616478,-0.24669729630082315,-0.2527212758387938,-0.2741687744773027,-0.27940275033795253,-0.20564222009589375,-0.2162744466890446,0.09495731396662971,-0.03952439122168437,-0.3001958541863808
3.1,-0.14663027501055026,-0.1151068460591575,-0.15215516663152484,-0.2204981956373983,-0.2555875218281192,-0.2988478908760515,-0.27380452821787443,-0.23429819369516552,-0.24955146140883064,-0.2671252521279025,-0.26938269567996,-0.1854262303787241,-0.2278843641908809,0.08207367376232015,-0.07288724606167514,-0.2957998421694104
3.2,-0.13260468762919406,-0.1520841095375825,-0.18080792394735426,-0.22126618034389148,-0.23651271398519377,-0.2881370371225799,-0.2680591488788659,-0.2264519028132472,-0.2496604569253778,-0.26302618499533126,-0.260569466776953,-0.175021390463707,-0.23288450437524263,0.06319104492328187,-0.10423254021683925,-0.2798814163694318
3.3000000000000003,-0.12062391951888601,-0.18655665066923796,-0.20938253795229336,-0.22247956265256782,-0.22438704817540792,-0.2798186970199702,-0.26530345254609,-0.22356276501249756,-0.2521597150436968,-0.2615690066366147,-0.25231857817651737,-0.1747886655821619,-0.23005966751522117,0.04078116425357029,-0.1301520762317954,-0.2548729876600922
3.4000000000000004,-0.11186433689077288,-0.2134433468136945,-0.23375769211636782,-0.22343230595341285,-0.2189716135439404,-0.27316583108927306,-0.26504698303410396,-0.22508016133277453,-0.2556907624253997,-0.2618658895799558,-0.24376326615874586,-0.18335767873032832,-0.2194635307818729,0.01716361265806222,-0.14832497500335143,-0.22380454389145787
3.5,-0.10706959474183599,-0.22922695964714815,-0.25096249784942903,-0.22371456993456915,-0.2192494645441075,-0.2671131751612,-0.266110464706171,-0.2295894916147804,-0.25861961653238563,-0.2625137847353576,-0.2342074803917064,-0.1981103893062735,-0.20272792968330064,-0.005717083611663728,-0.15767737176336472,-0.1899409986695095
3.6,-0.10635645820940562,-0.2324849624033891,-0.25970398428788805,-0.22296668856715035,-0.2234845514486468,-0.2606639443445587,-0.2670477378092693,-0.23550779568729355,-0.25962540692556096,-0.2620791668064936,-0.22367450530699765,-0.2159975547836101,-0.18299472088864124,-0.026413338780105586,-0.15816070092913917,-0.1562555074359533
3.7,-0.10926988508102631,-0.2240075999444688,-0.2604934837870809,-0.22076975021962814,-0.2293665571922035,-0.25317117684064544,-0.26663213543615766,-0.24173344962458013,-0.2582210541157935,-0.25964778178469894,-0.21308785474128508,-0.23404240934800616,-0.16399355885846967,-0.04373952956359236,-0.15048944613481538,-0.12502527201374683
3.8000000000000003,-0.11509828256624788,-0.206397802889357,-0.2551681070418341,-0.21684399055814793,-0.23430988716552753,-0.24431402624525003,-0.2639336536715074,-0.24758457128407496,-0.2546240069585497,-0.254852313322182,-0.20369968460968987,-0.24930423236850188,-0.14868834780936183,-0.05650063102339524,-0.13624828683513102,-0.09783236674445514
3.9000000000000004,-0.12317957813258532,-0.18335338282504723,-0.24605258575177633,-0.2113855298323501,-0.23604776502376548,-0.23398209426276623,-0.2581239719546206,-0.2523131397217886,-0.24919125988285323,-0.24750538597588145,-0.19633103533677354,-0.258935855107618,-0.13858589196786325,-0.06369053095289967,-0.11820689062434928,-0.07589190763936815
4.0,-0.1329780835697872,-0.15902426789616908,-0.23527399090527756,-0.20518160688924666,-0.23334179378795225,-0.22231057066107202,-0.24849160827723227,-0.25487747627356677,-0.24207688734494753,-0.23742645448850186,-0.19113356362606332,-0.2607334539945612,-0.13394419525781395,-0.06496281110941596,-0.10014659616543463,-0.06027951857138968
4.1000000000000005,-0.14398152205149067,-0.13752999233115715,-0.22443759634308183,-0.19937921526610158,-0.22638720397251663,-0.20984021629735777,-0.23481312284532113,-0.2541601044402877,-0.23335185654882723,-0.22466042291295904,-0.18783288025885925,-0.253770032488221,-0.13422112846216905,-0.06082462465778529,-0.08590437595635352,-0.051796747730217196
4.2,-0.1555495239333398,-0.12234248291566668,-0.21445761763977483,-0.195065989436835,-0.21669249374222824,-0.19759406231552124,-0.21774645888758218,-0.24933442509259987,-0.22329241633977598,-0.20979912393957245,-0.1860498349443377,-0.2386792806299667,-0.13838711371500878,-0.052457908630657496,-0.07815811896171089,-0.05064454661779469
4.3,-0.16679147730894756,-0.11541061994547842,-0.20537857582432578,-0.1929007199395341,-0.20657174850649032,-0.18695803402498457,-0.19894015331761844,-0.24018648894402925,-0.21260154753443827,-0.19417706111151734,-0.18556519651097458,-0.2176485468646775,-0.14524496250477706,-0.04139671377430151,-0.07765243027002254,-0.05623799982133945
4.4,-0.1765566151536637,-0.11649566822863883,-0.19642140703190186,-0.1929692689450779,-0.19850081467802033,-0.17942978250773195,-0.18084492843938038,-0.22737978121824073,-0.20252868549829667,-0.17986513039625607,-0.18649074391270717,-0.19419440850652298,-0.1537432541377221,-0.029170308770068952,-0.08311145795111827,-0.06727717308356121
4.5,-0.18362082915215752,-0.12333243714614353,-0.18650930800192744,-0.19487287353091076,-0.19446412875533817,-0.17626560666495714,-0.16620785563672916,-0.21246212021835406,-0.1947067799789396,-0.1692840613823828,-0.1891392350915446,-0.17249805755843076,-0.1630218344497606,-0.01701559678145885,-0.09174684708864245,-0.08197773759291582
4.6000000000000005,-0.18700317750636555,-0.13258839703125294,-0.17499436805626398,-0.19789041342265143,-0.19537998449650257,-0.17800296126085463,-0.1572184629620544,-0.19738040462424747,-0.19053586184526383,-0.1643599594363045,-0.19353485953518662,-0.15627458798145819,-0.17216211357113065,-0.005847144844125718,-0.1001670078665862,-0.09834065400558054
4.7,-0.18622000292567015,-0.14099504111708505,-0.16200827158171566,-0.2010607271207348,-0.2007875589673796,-0.18404491210724092,-0.15464865056475952,-0.18373782416001697,-0.19041215027757236,-0.16560811518034724,-0.1989345128196481,-0.1476654364656594,-0.17993909115116774,0.003585870372256466,-0.10532717608214293,-0.11437353742113165
4.800000000000001,-0.18136113352873265,-0.1462326467535959,-0.14835534043959062,-0.20323232501303484,-0.20898873027898154,-0.1926833070744096,-0.157602298864469,-0.17238397666471136,-0.19343921530056193,-0.17180872075242828,-0.20381653854566184,-0.14674456930894056,-0.18486001281353304,0.010625831770395451,-0.10519656370276308,-0.12824817665577667
4.9,-0.17302276826370006,-0.1475739749035306,-0.13538349379642836,-0.20329025872352474,-0.21769274614874953,-0.2017223480980984,-0.16408783849019956,-0.16359996007744862,-0.19792196658999306,-0.18060363322582904,-0.20644217848514965,-0.15183253219054776,-0.18556127825018517,0.014745653188022036,-0.09916574944041592,-0.1384694204713326
5.0,-0.1621909598998054,-0.14619913351274397,-0.12500943530736433,-0.2006225976152155,-0.22494049637067687,-0.20939001354997655,-0.17196393377950683,-0.15755882017286438,-0.2022633676275251,-0.18965475652082048,-0.20569353169619511,-0.16037131500808405,-0.181402259711369,0.015529672859904831,-0.08833937781540092,-0.1441067873580889
5.1000000000000005,-0.15011098308930138,-0.14482000688319482,-0.11950835956616354,-0.1955193856117659,-0.2297983057366668,-0.2149402543255866,-0.17961974705950962,-0.1545754642606072,-0.20558422037312848,-0.19758558948434937,-0.20169198408722208,-0.16988511939488715,-0.172908001847591,0.012668872673518194,-0.07553996105050458,-0.14499323105760084
5.2,-0.13810848095900374,-0.14650388731407404,-0.12078250716965477,-0.18914116879887252,-0.23240228358684664,-0.21858716649232354,-0.18613798704329879,-0.154985866162462,-0.20773821384062985,-0.2041577617761589,-0.19578086048437532,-0.17859241692076366,-0.16176480673276064,0.006219079672546544,-0.06468401486994463,-0.14172459613127864
5.300000000000001,-0.12736663361584455,-0.15323258740754966,-0.1294800654784888,-0.1831173615572895,-0.23349236462358802,-0.22098938596543385,-0.19115469550184747,-0.1588604949851246,-0.20894549227384626,-0.20978309437794973,-0.18985545124974576,-0.18552999591475802,-0.15043724041750295,-0.002989355177209836,-0.059561267173316806,-0.13541935104495395
5.4,-0.11874743592542783,-0.1650208348143505,-0.14461993977895532,-0.17911337162610574,-0.2339386926231327,-0.22279062407280215,-0.1947348985366186,-0.16581495283757375,-0.20945153623877275,-0.2149207302424076,-0.18549407184829453,-0.19038915090654157,-0.14168191448442274,-0.013297086723685035,-0.06255307627135796,-0.12736754924593416
5.5,-0.11272962241753014,-0.17997003166786538,-0.16390258228587723,-0.17845887500851684,-0.2344905748715693,-0.22443696029559773,-0.1972952220994258,-0.1749683383920579,-0.20938371932198394,-0.21977367302435613,-0.183433296392923,-0.19332083821936408,-0.13803068819803835,-0.022757225606821967,-0.07389379382821222,-0.11874594962475657
5.6000000000000005,-0.10944929777727026,-0.19499173878724685,-0.18434611529645367,-0.18172961207227303,-0.23561300492372128,-0.22612683932695438,-0.1993870458938019,-0.18496676286601255,-0.2087182427229174,-0.22427092900065945,-0.18356683588966008,-0.19479117513973224,-0.14114129677081605,-0.029904655592300468,-0.09172290227907438,-0.11049749794225946
5.7,-0.10879309063430978,-0.20674838433661624,-0.20290213360476167,-0.188452609544993,-0.2373611349418025,-0.2277694528786577,-0.20134215046693102,-0.19408301760656524,-0.20724499767926086,-0.2280963941652031,-0.18524011662987117,-0.19538953476008358,-0.15110811518343717,-0.03421165947126102,-0.1127696953940848,-0.10334330802168537
5.800000000000001,-0.11050257671926036,-0.21256869672660392,-0.21700297986270273,-0.19726696131036894,-0.23940199418161962,-0.22899844684048404,-0.20306818805035026,-0.20051205887854132,-0.20457167981357327,-0.2306564616352574,-0.18748185894585323,-0.19546883189010208,-0.1661023733728601,-0.036070800406787513,-0.13331837856313736,-0.09782020618385698
5.9,-0.11422801069339289,-0.2111628165504975,-0.22501932382076267,-0.2064587021635572,-0.24117274227791446,-0.22931188502655436,-0.20418889611462956,-0.20290174934957395,-0.20032163988846938,-0.23112835117196048,-0.18909582192909852,-0.19474693340719473,-0.18271068033661578,-0.03655748998562331,-0.1501289733963709,-0.09427522877142305
6.0,-0.11949559821346,-0.20290320553559188,-0.2264694597335692,-0.21443667867988575,-0.2420585234106435,-0.22832493288187225,-0.2044159358448376,-0.20096507357468057,-0.19455349963094365,-0.2287833347352866,-0.1889269067323351,-0.1923205514469748,-0.19697866733601022,-0.03720051744569938,-0.16109850308243495,-0.09283097634001167
6.1000000000000005,-0.12568271058264593,-0.18960853499672697,-0.22189993300788052,-0.21997927795068578,-0.2415674944039312,-0.2260184323778843,-0.20387327487033036,-0.19582873942949017,-0.18809836081063305,-0.22347504407080507,-0.18647202916034075,-0.18733247168389547,-0.2057076475783541,-0.03970699367255473,-0.1655333823317568,-0.09336474262143796
6.2,-0.1321065297683689,-0.17399785079464822,-0.2125303579803974,-0.2223900041416956,-0.23950122925627862,-0.22279639150216204,-0.20309364408498,-0.18972836547597613,-0.18239438987221107,-0.21587241937842688,-0.18239426231407488,-0.17983274842306812,-0.20740385412854515,-0.04549921112536987,-0.16397196953487003,-0.09551120515120382
6.300000000000001,-0.1381617273227121,-0.15900773531057882,-0.1998334803383513,-0.2215986999626423,-0.23603328930515757,-0.21927285246465228,-0.20263915440529032,-0.18505338919674344,-0.17880481639129647,-0.2072050280015697,-0.17835810219176512,-0.17108915094286073,-0.202565490135237,-0.0551544519869501,-0.1576557516482876,-0.09868442787061249
6.4,-0.14335797146120205,-0.1471168834317231,-0.18522921395989028,-0.21812094724065045,-0.23166127787459362,-0.21593194521963666,-0.2026571550465371,-0.1833247390702922,-0.17788945044427074,-0.19873090373263363,-0.17619238312597918,-0.16311427115242547,-0.1933637076400708,-0.06807251576663913,-0.14795233491456064,-0.10213162788303601
6.5,-0.14724076863350027,-0.13982178283317012,-0.16996978257415188,-0.2128710877853673,-0.22711416447334337,-0.21289540762614728,-0.20273309279110424,-0.18474378345848874,-0.17912869337922008,-0.19130650781168265,-0.1769687897527098,-0.15781993423025284,-0.18291618355767114,-0.08258599976409728,-0.13605533498225855,-0.10503934659299838
6.6000000000000005,-0.14933059368234577,-0.1373915278195771,-0.1551300053739651,-0.20690881831613286,-0.22325640280157674,-0.2099302245358719,-0.2021129771874591,-0.1884517506298386,-0.18127273916141462,-0.18529716888243103,-0.18058286386635317,-0.15635083475402867,-0.17436178466909377,-0.09640865557396407,-0.12305101776720336,-0.10669796856248898
6.7,-0.14916888015749155,-0.13895036184781462,-0.14159198353638527,-0.20118830840582802,-0.220947637989502,-0.20666645146485546,-0.2001134747718354,-0.1931809239233059,-0.18308175442938698,-0.18077937857181983,-0.1859805910149997,-0.1588588564788622,-0.16999750571034417,-0.10718584181186606,-0.11016828912808245,-0.1066770886863419
6.800000000000001,-0.14641786002752621,-0.14280095340441415,-0.12997916084707176,-0.19635476606256347,-0.22084337839813017,-0.20282900171011364,-0.1964394358834405,-0.1978272698550049,-0.18393482650704807,-0.1777655311911701,-0.1917363513272746,-0.1646623859417268,-0.17075270631763603,-0.11301717943700926,-0.09893256329634312,-0.10491860875087847
6.9,-0.1409239167614956,-0.14683852477548223,-0.12056728469748432,-0.19262955512952543,-0.22317935969905456,-0.19828679354201154,-0.19122459390070168,-0.20165934097563,-0.18392689433761028,-0.1762581209640716,-0.19657421926772373,-0.1725800994057974,-0.17611554364438936,-0.11286998791799265,-0.09104694153377448,-0.10169093348294128
7.0,-0.13274054593123566,-0.14901389344579108,-0.11328700028604188,-0.18982155396348593,-0.22762869152633794,-0.1929970511903609,-0.18491132684079598,-0.20427645361729527,-0.18357070055593502,-0.17617204907011805,-0.19960203421572606,-0.1812459020911074,-0.18442545320284273,-0.10678063004207704,-0.08802421262593275,-0.09744844676914194
7.1000000000000005,-0.12218256653394116,-0.14789636117271865,-0.10792248201153433,-0.18751187780315265,-0.23335955505505185,-0.18709237575454607,-0.1782392936926514,-0.20560429104865116,-0.18350381265055213,-0.17727117261423084,-0.2003026400752285,-0.1893526414654396,-0.1933989389676746,-0.09580889988264642,-0.09073551436306608,-0.09269015808194898
7.2,-0.1099407848626695,-0.1432384363300758,-0.10441193912563111,-0.1854059372712708,-0.23932554714033502,-0.18110516690708572,-0.1723602735863822,-0.20598154992840004,-0.1844076054791314,-0.17919476244445184,-0.19846010209001197,-0.19584966836941936,-0.20077160822221987,-0.0818071331345323,-0.09905140711501118,-0.08787389147629471
7.300000000000001,-0.09714778871511678,-0.13620953072936748,-0.10296203365817748,-0.18361342938013414,-0.2445639695084574,-0.175995236364686,-0.16877155244954106,-0.20610392765791832,-0.18698183263913848,-0.18150980437281589,-0.194094502168534,-0.2000472822909685,-0.204876235150492,-0.06709002857423924,-0.11172817375514799,-0.08338040998064117
7.4,-0.08524135810570886,-0.12901091910868215,-0.10376169728532375,-0.18250973606325852,-0.2482207406635659,-0.1727444445238186,-0.16883450881038858,-0.20663948888342665,-0.19170615811807182,-0.18369781126742196,-0.18742136754984787,-0.20159534742625582,-0.20497781682304125,-0.05406196903512126,-0.12664392931173898,-0.07951253572391329
7.5,-0.07562558350585037,-0.1239680054740053,-0.10646062052709547,-0.18223013988386375,-0.24936925772932575,-0.17175017261588568,-0.17308583422576787,-0.20768669235046594,-0.19840092794042266,-0.18513955552757022,-0.1789373512835032,-0.20044923216878524,-0.20131811842429803,-0.04480945221159443,-0.141317682936252,-0.07651758295854988
7.6000000000000005,-0.06930893851929654,-0.12256449194603239,-0.10989670670576884,-0.18234969543624321,-0.24703042761063723,-0.17254387159480197,-0.18086036482197557,-0.20854220643518231,-0.20598986739628103,-0.1852808762279229,-0.16965828466786528,-0.19692774607633848,-0.1949532267673961,-0.04065405828576993,-0.1534457051263668,-0.0746096909940774
7.7,-0.06671219305200725,-0.12490347410423946,-0.11240090002305402,-0.1821588095469464,-0.24060350039200407,-0.17411185876477403,-0.1905432955842247,-0.2080832170383213,-0.21285606880155425,-0.18399834902924986,-0.16125086802444571,-0.19177444811977415,-0.18747060372822916,-0.04174513340836835,-0.16121009878698683,-0.0739732760004307
7.800000000000001,-0.06769663901231403,-0.12977167912110044,-0.11247479537311858,-0.1812373358744595,-0.2303540514608636,-0.17553950865905957,-0.20022681572682713,-0.20550463852302694,-0.21764831899633286,-0.1818481880973751,-0.15570375178517898,-0.18601460102328082,-0.18054139036256686,-0.04685766291711765,-0.16334750230199435,-0.0747439535929857
7.9,-0.07172014044380012,-0.1351730366419859,-0.10935814039733743,-0.17970859219846835,-0.21746384976428995,-0.17646033624689408,-0.2082921701826798,-0.20082622558522575,-0.21993601825462872,-0.17986027777243135,-0.1545398660213782,-0.1805663548257548,-0.17531610491926278,-0.05362243348801182,-0.15920323334396896,-0.07697907402913935
8.0,-0.07800160005653267,-0.1390915578657559,-0.10324977712144626,-0.17801134110713338,-0.2036522754119532,-0.17710251366644,-0.21369450763850212,-0.19486107235661448,-0.22024772290919836,-0.17895238879701206,-0.1580552434335453,-0.17585952355916548,-0.17199561751180412,-0.05933394811014586,-0.14897855285208944,-0.08065636458770627
8.1,-0.08562716674699437,-0.14019393914606512,-0.09524047633389703,-0.17652838841111052,-0.19076820719076035,-0.1781017003524407,-0.21602338864035966,-0.1888110910410004,-0.21955136175798273,-0.17937853520923375,-0.16509367679505818,-0.171734839968488,-0.16998703687720224,-0.06207505918150838,-0.134023446505641,-0.08571243246188098
8.200000000000001,-0.0936124310056905,-0.1381825266626867,-0.08700186687318519,-0.17536310726282742,-0.18053364202053143,-0.18022969900329647,-0.21539554059940463,-0.18378894679390056,-0.2185795317403899,-0.18056986894965116,-0.1734639204284612,-0.1676355822329229,-0.16856802415844574,-0.06147677143703775,-0.1167561386929712,-0.09205823392066287
8.3,-0.10100623168805735,-0.13374280121985155,-0.08029787217306446,-0.17433925843440848,-0.17430706317354036,-0.18402340816955856,-0.21217267835337508,-0.18041577060863265,-0.2174123056514884,-0.1814529840262154,-0.1807631408598936,-0.16295932785220402,-0.16750332883521435,-0.05860193125354088,-0.10006798335493634,-0.09952457726621095
8.4,-0.10706125835466392,-0.12825376503323058,-0.0765141756742134,-0.17319908034285852,-0.17279666388226836,-0.18937061627528026,-0.20660851024011878,-0.17855908703212856,-0.21550228998406307,-0.18100461156022488,-0.1851902091234447,-0.15740842022102636,-0.16709552236489614,-0.055082431619041895,-0.08656235772119886,-0.1077865119286528
8.5,-0.11134130493234186,-0.12336316728323456,-0.0763387503054495,-0.17183421932236176,-0.1758594096205867,-0.19530340161390605,-0.19869256964672144,-0.17738796081973127,-0.2120741551853648,-0.17865789673435833,-0.18594897965158516,-0.1511425382693625,-0.1676472306425163,-0.052105448300052794,-0.07802388950565187,-0.11633103463387998
8.6,-0.11365088827276666,-0.12047379924350245,-0.07959767459471767,-0.1703327844832501,-0.18254108098107272,-0.20023575559062,-0.18838227752045045,-0.17586973078482493,-0.20667178276358641,-0.1744089809613636,-0.18319325886969529,-0.14466229070246078,-0.16883321839242452,-0.049865259486932864,-0.07520305867750038,-0.12448105666648443
8.700000000000001,-0.11386628255123166,-0.12033851135853943,-0.0853031913946356,-0.16883624549659426,-0.19137123500122533,-0.20261705259797425,-0.17608634838671838,-0.17344313083214477,-0.19955272644834757,-0.1687522705409095,-0.1778010655544652,-0.13861996342879457,-0.16958407003965884,-0.04779795708274919,-0.07785936293024281,-0.13145914083638943
8.8,-0.1118558599895214,-0.12295507211173375,-0.09195403791699602,-0.16740099121728222,-0.2007741880867163,-0.20165807423768412,-0.163000916993802,-0.17035835442386307,-0.19168298929672778,-0.1625339835331192,-0.17115345240338045,-0.13376638984026304,-0.1686360212919765,-0.04539185520033832,-0.08501298292185108,-0.13650567979819753
8.9,-0.10754243946106302,-0.12767574893810812,-0.09791195835576004,-0.16596103699998152,-0.20937369203219797,-0.19764078439671692,-0.15092577081345515,-0.16739443669868465,-0.18425503147343314,-0.15662144247509396,-0.16475226480142077,-0.13091756359156098,-0.16526471933154757,-0.042858904896903874,-0.09522860659276895,-0.13901241296472883
9.0,-0.10100992804267328,-0.13337414412107507,-0.10167324280549998,-0.16436076396717036,-0.21611622028475752,-0.1916169804060552,-0.1415805126092924,-0.1651695710803745,-0.1779457146659605,-0.15141257092858426,-0.15961350289932186,-0.13071367501054848,-0.15959984160366994,-0.04108651773832951,-0.10674938327138765,-0.13860273625581537
9.1,-0.09256086098788048,-0.13869250579509873,-0.1020744161406992,-0.16244666920875142,-0.22032122157755632,-0.18480759578126502,-0.13592992023089287,-0.1636117629119171,-0.17243272448094119,-0.1465536883391366,-0.15581417994213972,-0.13328475108960483,-0.15242136156782607,-0.041008451612628075,-0.11757136618588165,-0.13514468252102385
9.200000000000001,-0.08269955829636354,-0.14240127765223942,-0.09849595111506684,-0.1601868582430825,-0.22172284081471816,-0.17815596410080428,-0.13401318281309657,-0.16203420054585074,-0.16664714568804695,-0.14122776553738928,-0.15260502525416525,-0.13812140721037017,-0.14478718521148642,-0.043009711511087644,-0.12571187666714384,-0.12874794086244437
9.3,-0.07204238556382953,-0.1437075800651169,-0.0909836187471391,-0.15769819365004545,-0.22040541539548256,-0.17219511691254213,-0.13525171716445925,-0.15975990207196394,-0.15970023150823695,-0.134857977621132,-0.14898858125828168,-0.14417292621096106,-0.1377698344629738,-0.046769944740976406,-0.12970743457559047,-0.1197738116218302
9.4,-0.0611880992215495,-0.14238153701786055,-0.08024521346450789,-0.15511786682519457,-0.2166068463270187,-0.16711917236666118,-0.13885108424389653,-0.15680821692607927,-0.15182156875623787,-0.127642188836859,-0.14427385548258786,-0.1500020357432844,-0.13229261030663383,-0.05146893892024561,-0.12909068519860098,-0.10883256967445029
9.5,-0.05063629272726529,-0.13879089030534958,-0.06759955214293203,-0.1524466546397435,-0.2105803434515809,-0.16292851228455177,-0.14403479547020476,-0.1541221901597114,-0.14460994910311367,-0.1205229671304823,-0.13826346254450425,-0.1539898101316186,-0.12899018384158525,-0.05607973801024356,-0.12457578556500098,-0.09673841079338033
9.600000000000001,-0.04079929107235698,-0.13389889454662637,-0.05488593157491565,-0.14953470613321684,-0.2026889584365766,-0.15957872308448812,-0.15007530568952718,-0.1531520823376646,-0.14040695957619279,-0.11469632632449325,-0.13111851145066905,-0.15467193179708202,-0.12811748339268014,-0.059629718711412434,-0.11786232700755121,-0.08441741321538362
9.700000000000001,-0.032036439479135065,-0.12905593605579752,-0.04422423388266703,-0.14623721989360203,-0.1936318312115815,-0.1570416116643579,-0.15614911026836228,-0.1550233602423106,-0.14113494228209508,-0.11101769354196771,-0.12316456141793983,-0.15115597651245385,-0.12956697564248343,-0.06144659177398952,-0.11113025424102072,-0.07278211695509997
9.8,-0.024631199049445093,-0.1254899047563554,-0.03758059141588998,-0.14262912726984586,-0.18453472435702728,-0.15524608414111923,-0.16116608458210385,-0.15983296264527422,-0.14726534393411073,-0.10963019791223994,-0.11485173263615672,-0.14349250673554956,-0.1329991021420505,-0.06136948314557729,-0.10641152020155548,-0.0626063758972397
9.9,-0.018742230369489264,-0.12372742077602972,-0.03622110110204074,-0.13907612335440975,-0.17674679407886223,-0.15402819040558055,-0.1638513818689748,-0.16656417268697807,-0.1575039653918587,-0.10998660008765171,-0.10686834444018883,-0.13282577381208782,-0.13796153901224945,-0.05982224388976185,-0.10503445641011114,-0.054436035127754356
10.0,-0.014406941539075584,-0.12332153923287355,-0.04022737372326022,-0.13600645086764554,-0.17140156560321929,-0.15321092681995108,-0.16317127707423215,-0.17359153412050848,-0.16926132185964768,-0.11124120161102531,-0.1002259176528573,-0.12112446247576211,-0.14383326222871323,-0.05768892853244355,-0.10725547423703417,-0.048534498044726065
