t,mz_0,mz_1,mz_2,mz_3,mz_4,mz_5,mz_6,mz_7,mz_8,mz_9,mz_10,mz_11,mz_12,mz_13
0.0,1.1096809235389138e-16,5.545694112263355e-17,5.545694112263355e-17,2.7701365507004638e-17,1.3823577699190182e-17,6.884683795282953e-18,3.415236843329339e-18,1.6805133673525319e-18,8.131516293641283e-19,3.7947076036992655e-19,1.6263032587282567e-19,5.421010862427522e-20,0.0,0.0
0.02,-1.0999231039865442e-16,-2.2101461286117008e-16,-2.2101461286117008e-16,-8.223673478302551e-17,-1.3774788601428334e-16,-1.1693120430256165e-16,-9.958396954279358e-17,-1.1172703387463123e-16,-1.0912494866066602e-16,-1.1085967213664283e-16,-1.1237755517812253e-16,-1.0131869301877039e-16,-9.329559694237766e-17,-9.10187723801581e-17
0.04,-7.361732751176575e-17,7.590499409571017e-16,9.81094545882133e-16,-2.4015078120553923e-16,-1.2912847874302358e-16,-1.568840543586525e-16,-1.2912847874302358e-16,-1.2218958483911635e-16,-8.57603918436034e-17,-9.096456227153382e-17,-1.1568437180420332e-16,-1.2826111700503517e-16,-1.2522535092207576e-16,-1.1985855016827252e-16
0.06,2.8370860348514437e-16,6.23451756800314e-14,5.945859581600599e-14,1.6437318086509611e-15,-3.269140600586917e-16,-8.405277342193873e-17,-4.5888856950448975e-17,-2.520770051028798e-18,-2.520770051028798e-18,-2.3337451762750483e-17,-1.5964876989849053e-17,-3.3962633053108426e-17,-5.976664475826343e-17,-7.838781707070197e-17
0.08,7.392415672657915e-15,-6.576311760778109e-13,-6.363704051562391e-13,-2.1806449874983702e-14,1.4874169604328635e-15,8.57603918436034e-17,1.0657707355532509e-16,1.100465205072787e-16,1.091791587692903e-16,8.749511531958021e-17,9.269928574751063e-17,8.207410445715269e-17,5.128276275856436e-17,3.220080452281948e-17
0.1,-3.951426046176071e-13,-1.4849375255896607e-12,-3.692914572230033e-14,-4.405784819003916e-13,-1.5723885951959837e-14,2.9802007216195303e-16,1.176088306603651e-16,1.210782776123187e-16,1.2281300108829551e-16,1.0112895763858543e-16,1.186930328328506e-16,1.3452238455113896e-16,1.2118669782956726e-16,1.2750217548429532e-16
0.12,2.2034478733799767e-12,-1.6566149114386614e-11,-2.0552793462361857e-11,3.248950045629806e-13,1.7076829316939324e-13,6.30262985898411e-15,9.053088140253962e-18,2.6400322900022033e-17,-1.3552527156068805e-18,2.7267684638010437e-17,3.4206578541917665e-17,5.3396956994911093e-17,1.0722759485881639e-16,1.3788341128584403e-16
0.14,1.4711544834991944e-11,-6.638175390773736e-11,-9.591041120484388e-11,3.657248467828569e-12,1.182145012304861e-12,4.120350436710718e-14,-3.639395642490717e-16,-1.5403802365587804e-16,-1.176088306603651e-16,-1.0503208545953324e-16,-9.57079467761579e-17,-8.1938579185592e-17,3.876022766635678e-18,5.0415401020575956e-17
0.16,-7.903148852039278e-11,9.37632597730392e-10,8.651724209827235e-10,8.092775177748722e-11,-7.1450889096384e-12,-7.117558766759485e-13,-1.490531331173328e-14,1.7463786493310263e-16,-1.4541861638461828e-16,-1.2980610510082702e-16,-1.1484411512052706e-16,-1.3045662640431832e-16,-9.576215688478218e-17,-6.036295595313046e-17
0.18,-3.466241234740663e-10,6.102304045781841e-09,4.545274040853491e-09,8.455932013894541e-10,-2.3360513149535064e-11,-6.106939579681933e-12,-2.0849291802564618e-13,4.973479310679818e-15,7.043248363008958e-16,1.52059354691092e-17,-3.7486290113686316e-17,-6.274820073259857e-17,-1.1787988120348647e-16,-1.2552350651950928e-16
0.2,4.523090798170398e-09,1.6979567259590295e-08,-6.233015096678701e-09,6.225462153165023e-09,6.13538657812801e-10,-1.017634544339674e-11,-2.9055226107022047e-12,-1.3637225029783373e-13,-2.935585802221752e-15,3.391384395534658e-16,1.560166926206641e-16,1.117812439832555e-16,-6.391371806802049e-17,-1.17391990225868e-16
0.22,8.981033580611139e-08,-3.140541219591903e-07,-3.975380898090414e-07,-2.354771069902953e-08,8.67597476398804e-09,7.466891747514833e-10,3.0261304123343005e-12,-1.5787190754982736e-12,-5.73249537031903e-14,-3.301761533451575e-15,-8.019165843517473e-16,9.380110620529902e-16,6.902302080585843e-17,1.0146641556477154e-15
0.24,-2.9990136843468986e-08,-6.805368230307167e-07,-8.436260853517943e-08,-1.848078951373149e-07,-1.5901545466609403e-08,8.350770865279446e-10,1.2658806907437162e-10,2.8397744767684474e-12,-2.4079344204328e-13,-1.5729984589180068e-14,2.3649159887340065e-15,-3.1687434794147595e-15,5.931127984581952e-16,-1.5624708558231726e-15
0.26,-1.3155391862944591e-07,3.594672552023723e-07,4.693473380959598e-07,4.6031310073368654e-08,-1.3093519139739922e-08,-1.51074387998466e-09,-6.506537658917261e-12,6.02881010088388e-12,4.0684019738182475e-13,1.062805442611503e-14,-2.5629997256471082e-15,4.642011601496687e-16,-1.3796472644878044e-16,6.136855346811076e-16
0.28,-1.1564643627630183e-07,6.040605771816135e-07,3.9157942845021083e-07,1.346457229166201e-07,-7.702383332649967e-10,-1.988603672437852e-09,-1.225615842267904e-10,1.3117058708742718e-12,3.7196626529768795e-13,2.7765468960452844e-14,3.75863077640981e-15,-1.7658942884357653e-16,-2.271403551357132e-16,-1.8010359913514518e-15
0.3,1.4878621728124674e-07,-9.916168151700847e-07,-4.0413474129293004e-07,-2.517249730703134e-07,-1.4705862995525792e-08,2.8656333388307146e-09,3.087121952657316e-10,3.098531549611608e-12,-7.119147665043263e-13,1.6276612219492947e-14,7.23067981357739e-15,-2.1520057871121656e-15,4.951009220655056e-16,9.100386460028642e-16
0.32,-6.54933622061169e-08,-1.3392143541384382e-07,2.391549850374133e-07,-4.333792834359173e-08,-2.2440796742064558e-08,-1.2786718146438024e-09,1.2000370624510107e-10,1.4226531031783646e-11,1.5074101905945825e-13,-7.381850122487044e-14,-7.434428506841728e-15,-1.108325670823307e-15,1.9531902137326362e-16,-7.803138560649736e-16
0.34,-1.5222237300501417e-07,8.665309712156189e-08,4.803847321670863e-07,2.7589664504593775e-08,-3.065166630907489e-08,-3.68653725234746e-09,5.202804180049533e-11,2.7946277440077903e-11,1.6119772481898095e-12,4.270562581950438e-14,-6.153728243120382e-15,-3.571212878368535e-15,-4.97337089046257e-16,-2.176129285449968e-16
0.36,-1.8631733570925214e-07,8.603671229517103e-07,2.596361437406155e-07,2.3974432184262727e-07,2.663358421631755e-08,-2.912401740129758e-09,-5.499785091320902e-10,-1.5461400606001097e-11,1.3583819399171082e-12,2.528684726887942e-14,-3.5414379762066517e-15,5.202544124671693e-15,3.810970636286548e-17,-1.7812899592850595e-15
0.38,3.0422631130597438e-09,3.456514818583531e-07,-2.1045295225456087e-07,7.037150798690803e-08,3.700362298322021e-08,2.467188864422069e-09,-2.815045959194979e-10,-3.7071507566184894e-11,-1.397343883397656e-13,2.0823379370642214e-13,5.191674997892526e-15,-3.141069218962067e-15,-3.86057288567776e-16,3.3080363535248347e-16
0.4,1.8973018162640645e-07,-3.18975143654172e-07,-4.839044743190922e-07,-1.4562303450069245e-07,1.8793008932065504e-08,6.834191322273721e-09,3.2360954371659766e-10,-4.0151914738472023e-11,-4.793539222784811e-12,-1.4081006597266993e-13,2.4964229359929202e-14,8.135893759912693e-15,2.2062158957364408e-16,4.61490654718455e-16
0.42,2.0334843034907832e-07,-7.415823445552396e-07,-1.6098932905739619e-07,-2.1145401272537959e-07,-3.770152545929176e-08,2.0473025059107586e-09,8.159595043903678e-10,4.0833435157455744e-11,-2.3815207618460565e-12,-2.410226965926521e-13,-2.2659066463426303e-14,-9.81425227544741e-15,1.1235587113467282e-15,1.8594473833941083e-15
0.44,3.660612938115413e-08,-3.95735340909988e-07,2.665599117580446e-07,-3.186948164747474e-08,-5.0146823572140976e-08,-6.205875879196766e-09,2.8539236594890983e-10,8.647134219872277e-11,2.6080560915119413e-12,-3.673106063013451e-13,6.185766417317329e-15,7.414167478743405e-15,-9.245940601684821e-16,-1.2675272073256472e-15
0.46,-1.8016769633885904e-07,3.6951495555695186e-07,3.988508472033944e-07,2.007027271387049e-07,-1.5954971307210975e-09,-8.645440863682958e-09,-8.741827023953054e-10,3.5634445440528746e-11,9.700943566785976e-12,3.2239007741619724e-13,-7.564894620015056e-14,-1.0823956206156005e-14,1.3057995440143855e-15,1.4986113478637764e-15
0.48,-2.3337005213365286e-07,7.617796634710067e-07,8.701877086602033e-08,1.9992075096429923e-07,5.699593042311996e-08,4.1895055817814473e-10,-1.2012977384628356e-09,-1.0575207732893468e-10,3.091055094718055e-12,8.254609154415352e-13,8.37484514246492e-14,9.858501276611975e-15,-3.3749993902029707e-15,-2.8419649446276285e-15
0.5,-7.106242154154797e-08,3.712735523632026e-07,-2.8290032854917614e-07,-3.6910329220720805e-08,5.0049030811503015e-08,1.093516906479396e-08,9.538583405120996e-11,-1.44629860767808e-10,-1.0060136914052248e-11,3.8561281988716556e-13,-1.2076656948772913e-14,-8.591055384449264e-15,3.4624538479410827e-15,7.39222593727773e-16
0.52,1.5330404099292688e-07,-3.835474179058858e-07,-3.193157834224499e-07,-2.3200774744794057e-07,-1.9145560022884762e-08,9.229512393823906e-09,1.6415039899185177e-09,4.107011497382629e-12,-1.666524871660885e-11,-7.955998056544122e-13,1.587574472924902e-13,1.5003352293180283e-14,-4.489952246805595e-15,-3.2051726724102725e-16
0.54,2.987222341559474e-07,-8.433542480907328e-07,-4.839902221510093e-07,-4.3340505950900643e-07,-6.419312354710694e-08,1.3130523837141935e-08,3.525114867190945e-09,1.0711947873317217e-10,-3.2905626492921516e-11,-3.331767506201469e-12,-9.055443569473687e-14,4.378542342066416e-14,8.783934950934436e-15,-2.5349459944340458e-15
0.56,5.9519169739839653e-08,-1.9371543601726256e-07,1.3660148309152368e-07,5.017028902165447e-08,-2.166789100799412e-08,-8.06248594154165e-09,-4.490857153109564e-10,1.0127027203475115e-10,1.2746780979908459e-11,-7.270957924285226e-15,-5.451449838420053e-15,1.7704750426145166e-15,-3.869490448546453e-15,7.519619692544777e-16
0.58,1.3303617759600084e-07,-3.9939252725093143e-07,1.8016479427188526e-07,5.854330597479963e-08,-4.0169373160116144e-08,-1.3574572534503886e-08,-6.479784095360028e-10,1.9525964796863332e-10,2.1753118512220226e-11,-9.320512027108374e-13,-2.0416719530291783e-13,3.267568507436813e-14,1.4872001199983664e-15,-1.146543797403421e-15
0.6,-1.4376243974805717e-07,5.050792209017666e-07,1.3348827234877544e-07,1.9349992428824877e-07,6.026701614470528e-08,-3.487847027524877e-10,-2.200675785942992e-09,-2.2296035181415715e-10,1.4328716788384807e-11,3.457648419967138e-12,1.1752683787107088e-13,-4.7493286430347337e-14,-5.4006007565304825e-15,2.2809445304750042e-15
0.62,-1.6195499566627422e-07,5.123034119129016e-07,-5.323713844949626e-08,3.246300453265175e-08,5.3398293986057143e-08,1.1166176256061566e-08,-2.6530554502975957e-10,-2.8134103393869826e-10,-1.9228747636041224e-11,1.4633160948154117e-12,1.7497578364521205e-13,3.62374789463632e-14,5.225041319750767e-16,-2.6696310093110576e-15
0.64,-9.078448725854092e-08,1.7462994756054808e-07,-1.7135576556050723e-07,-1.5088635116091407e-07,-1.3880883361819642e-09,1.3505252953219487e-08,2.3421834757455682e-09,-5.410318684219168e-11,-4.0306301333126356e-11,-1.3112077206335962e-12,2.949448817774966e-13,-4.008649152637683e-14,-1.2638138148848843e-15,2.458374216002257e-15
0.66,8.902943704841245e-08,-4.4116112679265843e-07,-8.682830898360297e-08,-1.6302756128045207e-07,-6.893288492432529e-08,-3.783520215742053e-09,2.382538188575945e-09,3.795838211079986e-10,-9.657720668109979e-12,-5.528263475251469e-12,-1.3254358006108136e-13,1.0056509119373003e-13,6.625288425515796e-16,-3.659887063550693e-15
0.68,1.655954444966431e-07,-5.488826378120907e-07,7.450157889317877e-08,2.45670768876568e-08,-4.8484586594602975e-08,-1.749862272000058e-08,-9.395344995841723e-10,3.6623920312195326e-10,4.955031186520877e-11,-1.3173833904181823e-12,-5.486322252621148e-13,-8.30293543337482e-14,6.6135112794171724e-15,2.0953020134911737e-15
0.7000000000000001,9.986742092962678e-08,-1.348539829393048e-07,1.3048251304384354e-07,1.7669266044686874e-07,2.849126363255064e-08,-1.119351354020423e-08,-3.626407468247466e-09,-1.419501717640206e-10,5.6080685573362855e-11,4.984250547555337e-12,-2.8443381276579277e-13,5.2971746455389435e-14,-7.779516505816708e-15,8.887747308949923e-17
0.72,-6.093095107115147e-08,4.6088693749460504e-07,3.95341945204369e-08,1.2286919521917346e-07,7.95194086740408e-08,1.1625339342154445e-08,-1.947001610351257e-09,-6.235275785954454e-10,-1.6356292256475453e-11,8.233607521365531e-12,3.6856285981056586e-13,-1.6601120705981437e-13,1.1430323376172835e-14,2.803882343319075e-16
0.74,-1.5090162989761817e-07,5.613241369380986e-07,-7.391977565918443e-08,-7.641878669895378e-08,3.210552460935741e-08,2.1512296708586526e-08,2.722717428957095e-09,-3.358821711973818e-10,-9.141253352147258e-11,-7.727030278646685e-13,1.16070906141727e-12,1.4625312679678037e-13,-2.8208121602424363e-14,1.9301373650401632e-15
0.76,-1.029025151909655e-07,9.588221592926182e-08,-8.69333861995878e-08,-1.8526221290549461e-07,-5.735931188164268e-08,5.038156982060883e-09,4.6433638767356305e-09,4.971137908461225e-10,-5.8182310789449236e-11,-1.1590974640057587e-11,2.6797967599308248e-14,-2.918340211415654e-14,2.8962821182164367e-14,-2.6363392263521745e-15
0.78,3.5008718080018516e-08,-4.804854890738919e-07,-3.0428927128256207e-09,-7.23449160411582e-08,-8.071513069101918e-08,-2.0293234642029226e-08,5.778487993413376e-10,8.470836217118775e-10,7.021398625006985e-11,-9.938616837607168e-12,-9.472216441113249e-13,2.1302397508731613e-13,-3.115461718900675e-14,7.211706275558893e-16
0.8,1.2797209479182257e-07,-5.63669663907024e-07,6.34056359179511e-08,1.2443083797625796e-07,-5.07531184867373e-09,-2.207240780507404e-08,-4.999116264977027e-09,9.384327783444352e-11,1.3876267329464027e-10,7.191258940869756e-12,-1.9122752833262632e-12,-2.304285641420087e-13,6.076808164740682e-14,-3.3434491069836425e-15
0.8200000000000001,9.833000080460756e-08,-6.654846230014862e-08,4.179441282958134e-08,1.7218061103590392e-07,8.11127563133887e-08,4.6019177770908895e-09,-4.793311258639312e-09,-9.721781525287706e-10,2.8052823640976367e-11,2.0610759098233823e-11,7.517179288979783e-13,-6.170583521144385e-14,-5.978681091867166e-14,5.1984851427884504e-15
0.84,-1.4558645033719165e-08,5.039178725743383e-07,-2.3683734384522415e-08,1.447531384920998e-08,7.061259094689977e-08,2.8243058637189133e-08,1.9102931985283227e-09,-9.334927078834439e-10,-1.572075345878006e-10,7.78633185488306e-12,2.0724373280857356e-12,-1.9955453847524118e-13,5.1701847555811475e-14,-4.7746095271916644e-15
0.86,-9.960982822408547e-08,5.590529865101711e-07,-4.316698249349891e-08,-1.5880826523760448e-07,-2.8053281320978933e-08,1.7679927610690833e-08,7.149513873512721e-09,4.212715595268879e-10,-1.693881664639285e-10,-1.984819859873364e-11,2.4463621300691192e-12,3.5775208343706913e-13,-1.0019398911887897e-13,9.6303309294124e-15
0.88,-8.517716487482178e-08,3.989508953956052e-08,1.2529369090635498e-09,-1.4123882910931865e-07,-9.638343182393708e-08,-1.6769212573771765e-08,3.5976582636381912e-09,1.4805045339639708e-09,5.480141156404689e-11,-2.978838432431824e-11,-2.4448841388913234e-12,2.2681655815690038e-13,9.856896657396697e-14,-1.303625718658552e-14
0.9,7.683838458490437e-10,-5.233301939684757e-07,4.0677280477706304e-08,4.4944956558288954e-08,-4.8019087810498404e-08,-3.2905020391015114e-08,-5.317081119428466e-09,7.202608810346093e-10,2.659033840958806e-10,2.557768490822447e-12,-3.744800869680438e-12,5.138273975139468e-14,-5.984924741127967e-14,1.1095223589711878e-14
0.92,6.961887159436778e-08,-5.516388937491188e-07,1.6138102891882582e-08,1.7592607931168327e-07,6.194624636823279e-08,-8.020074382725424e-09,-8.432967816578347e-09,-1.2018587729987215e-09,1.510009488189237e-10,3.927689259713898e-11,-2.0854505324236286e-12,-5.525950926227666e-13,1.2963875849550388e-13,-1.4752996459026224e-14
0.9400000000000001,6.38997856929711e-08,-1.4838666953860449e-08,-4.0699244522120106e-08,9.532148888373042e-08,9.935250077606632e-08,2.940041963980382e-08,-7.190379262527326e-10,-1.8401604392210137e-09,-2.0318388187630333e-10,3.3708242746816486e-11,5.449038850615252e-12,-4.380363733953556e-13,-1.3545148482658684e-13,2.0069510560816878e-14
0.96,5.068597386997996e-09,5.380496459047313e-07,-4.825905364416733e-08,-9.923361937580472e-08,1.508238463952821e-08,3.2171902125559314e-08,9.020491441184884e-09,-7.682538141756809e-11,-3.643223121934671e-10,-2.5545979577318214e-11,5.552132030224675e-12,3.409662350096869e-13,3.722427232991446e-14,-1.682281294520041e-14
0.98,-4.116333022680693e-08,5.411754441973446e-07,1.518076342781863e-08,-1.7398828999041246e-07,-9.096675183579181e-08,-6.196834781180575e-09,8.039874107424296e-09,2.131988180426427e-09,-4.527558837281835e-11,-6.252508274041772e-11,-2.0081812189716441e-13,8.208578944606665e-13,-1.2874242823071938e-13,1.8891694307000828e-14
1.0,-3.649043379840808e-08,-8.181410200891112e-09,7.509162015926254e-08,-3.9443490868118134e-08,-8.802366861326258e-08,-3.96837679059677e-08,-3.752360047349832e-09,1.8127249054093156e-09,4.079663431147515e-10,-2.4037320304505765e-11,-9.884078114080676e-12,5.871965308196399e-13,1.6998921936956304e-13,-2.783860517325057e-14
1.02,-1.9735633647985265e-09,-5.479258592364223e-07,4.781969415239591e-08,1.4274639014920682e-07,2.3993780618614412e-08,-2.47670939278019e-08,-1.2050144939154396e-08,-1.0386626779841548e-09,3.9859245311435064e-10,6.352038991978425e-11,-6.39010728486762e-12,-1.0895368097042345e-12,2.6319986907172646e-14,1.9531854703481316e-14
1.04,1.6961954842497782e-08,-5.277515646145083e-07,-4.896297245246024e-08,1.5349844927251515e-07,1.0988936369721829e-07,2.2955141666050215e-08,-5.361191842823533e-09,-2.966142182923555e-09,-1.765451045242423e-10,8.129656428162426e-11,5.551192447069472e-12,-1.1233418776884947e-12,6.789258418697999e-14,-1.2340040149655743e-14
1.06,5.469269647640125e-09,2.91793991185287e-08,-1.0378184064972588e-07,-2.0635277431879466e-08,6.263890088153442e-08,4.473546803764901e-08,9.195509332938546e-09,-1.1689696814630684e-09,-6.266776437989746e-10,-8.76804704552257e-12,1.5171136218225956e-11,-4.529417680222518e-13,-1.969027764729854e-13,2.4640669550341637e-14
1.08,-9.68824018758455e-09,5.530210482554573e-07,-4.030150716453776e-08,-1.711996910261208e-07,-6.350639235151593e-08,1.0732880539128433e-08,1.3270868781439706e-08,2.512447902231884e-09,-3.0224552792198003e-10,-1.1337563857573632e-10,4.364797477444948e-12,2.2563952659440667e-12,-1.3517991928743353e-13,-1.2086533352937898e-14
1.1,3.8440596054732526e-10,5.115421912262039e-07,8.322266374165109e-08,-1.1692030344386152e-07,-1.1485716530089564e-07,-3.92066946483058e-08,2.5221306893154086e-10,3.3593928580027813e-09,5.136768838317541e-10,-8.145443403838803e-11,-1.4721336420665723e-11,1.319966373345121e-12,8.60310358109101e-14,-5.987272716457756e-15
1.12,2.629883945184442e-08,-4.834702803533308e-08,1.267482971757612e-07,7.88727596413803e-08,-2.59113374279134e-08,-4.231624179427756e-08,-1.4472436672482319e-08,-2.1751888442842707e-10,7.794453621895242e-10,7.161871420078344e-11,-1.9543852606694785e-11,-2.8824341459683656e-13,2.221940079843998e-13,-1.7616801301165858e-14
1.1400000000000001,2.896702065721145e-08,-5.536635656749109e-07,2.70136897712827e-08,1.8230359812029272e-07,9.741618268659956e-08,8.366441489335508e-09,-1.1686164306567087e-08,-4.042007196751251e-09,1.7367391348703997e-11,1.6326633932813354e-10,2.9624821713326085e-12,-3.7765901551042955e-12,2.5692028867330303e-13,6.644302621115761e-15
1.16,-9.516978109135157e-09,-4.927951828694864e-07,-1.1715787066956957e-07,6.812273012280062e-08,1.0399879086303704e-07,5.142147327134988e-08,6.771051190746527e-09,-2.948948034891516e-09,-9.162771504160367e-10,4.526172555716491e-11,2.7267442789775205e-11,-1.0961476308070112e-12,-3.5421747254641735e-13,3.100272046464153e-14
1.18,-5.556431981726715e-08,6.592713829875154e-08,-1.4371362114776507e-07,-1.2974436994059633e-07,-1.7334055179233233e-08,3.1486403248414806e-08,1.8121972542653735e-08,2.274946231239493e-09,-7.598711716748081e-10,-1.6332438954193935e-10,1.9781326919641063e-11,1.9609427268280945e-12,-2.5065791320810424e-13,2.844052033809663e-15
1.2,-5.3946182013586035e-08,5.504604069862646e-07,-9.076465043877273e-09,-1.7558607292343865e-07,-1.203414011279207e-07,-2.9568546700430747e-08,6.780030456858511e-09,5.160866984722063e-09,4.756591553807207e-10,-1.9114254571353994e-10,-1.7788450854189838e-11,5.377234417556099e-12,-3.2781873868020436e-13,1.343509450826147e-15
1.22,9.451784477293836e-09,4.7183359159762056e-07,1.498400736099474e-07,-1.210236017930538e-08,-7.793709802113541e-08,-5.637410466672005e-08,-1.4495425646447345e-08,1.4764032060983218e-09,1.2758948620121991e-09,4.299792057235914e-11,-4.0665772805354924e-11,-7.212489611628514e-14,7.439177583407758e-13,-6.825417916403106e-14
1.24,7.986299555623932e-08,-8.217519547542662e-08,1.5517730565023835e-07,1.6897272673350083e-07,6.109750438832351e-08,-1.2991236365218263e-08,-1.8698406049110828e-08,-4.671665931608505e-09,4.6355072914666586e-10,2.688713111610166e-10,-1.1412082338694597e-11,-4.73669867705976e-12,2.7704651994839985e-13,2.172737087902804e-14
1.26,8.18916023933848e-08,-5.441627705607698e-07,-1.2972914015558644e-08,1.522582397852902e-07,1.283603028642545e-07,4.898675743697414e-08,1.1963908770330723e-09,-5.3348439563112625e-09,-1.1278570861132002e-09,1.671906248835271e-10,4.069974602293174e-11,-6.452820496363233e-12,2.416030971206379e-13,4.430456652590453e-16
1.28,-4.75734369981978e-10,-4.49141927179348e-07,-1.8082750796874562e-07,-4.5842780961619794e-08,3.979377335841457e-08,5.1941387394615474e-08,2.118117582661851e-08,1.0802582069903313e-09,-1.4357917321503153e-09,-1.8840065153167803e-10,4.967121017203672e-11,2.8187818222678677e-12,-1.226893918762368e-12,1.0345508629459876e-13
1.3,-9.665628436845053e-08,9.734946251565668e-08,-1.6107537470827949e-07,-1.9356158776124188e-07,-9.919946880232911e-08,-1.0699176142080604e-08,1.5187677966150724e-08,6.825698974105175e-09,1.6954430066373587e-10,-3.561507306789908e-10,-1.018673191047377e-11,8.425713658678433e-12,-2.593267126645843e-13,-5.365425172296906e-14
1.32,-1.1020776856969364e-07,5.355739665727097e-07,3.840170526818595e-08,-1.1512742998405349e-07,-1.1974033500035256e-07,-6.258049336961417e-08,-1.1103737888122612e-08,4.1165739699547616e-09,1.8030977191066605e-09,-6.145283737988335e-11,-6.904828302818546e-11,6.015053974112346e-12,1.1121405716924687e-13,-1.475649301103249e-14
1.34,-1.6126914330791514e-08,4.2538455916157046e-07,2.098119595293405e-07,1.0072691276990207e-07,5.428177255842087e-09,-3.769691491854212e-08,-2.4922984571027168e-08,-4.4076210484552845e-09,1.2264530455265545e-09,3.7582179020581325e-10,-4.644000216661153e-11,-7.681675540343984e-12,1.7452783060986979e-12,-1.3510939871237693e-13
1.36,1.0456508961903001e-07,-1.1163803014930228e-07,1.616957758286355e-07,2.020662363725836e-07,1.2616460382402518e-07,3.573639326206492e-08,-7.394370722562976e-09,-8.007400373042967e-09,-1.1092787041163234e-09,3.7815329311647033e-10,4.776861093909023e-11,-1.2226746267459017e-11,9.292917726565902e-14,1.0118604088296679e-13
1.3800000000000001,1.356940667806498e-07,-5.255503834145699e-07,-6.72048885508932e-08,6.793299144652247e-08,9.531359926922482e-08,6.704049732277821e-08,2.1032154086880013e-08,-1.3219164565335829e-09,-2.2852212514066095e-09,-1.4363380539746291e-10,9.553270097196163e-11,-2.7821172286519175e-12,-8.170308776322271e-13,4.8422718742710535e-14
1.4000000000000001,3.8587105383015657e-08,-4.0130103330943015e-07,-2.3630511868394258e-07,-1.481225238604821e-07,-5.171999506742178e-08,1.5165576940619012e-08,2.4128709910824025e-08,7.838396680519082e-09,-5.225762066048698e-10,-5.631842283244102e-10,2.1977941263239507e-11,1.474132468382624e-11,-2.170900219029652e-12,1.3753413555597782e-13
1.42,-1.0301225764893862e-07,1.2504942883132452e-07,-1.5682447039030512e-07,-1.9461699710950986e-07,-1.3808354370478193e-07,-5.759469056673206e-08,-3.825122163079401e-09,7.525289804873655e-09,2.2024257733863593e-09,-2.8280185056803533e-10,-9.952510175584642e-11,1.4561391534825135e-11,3.720923309052937e-13,-1.5261376147199246e-13
1.44,-1.558590949926283e-07,5.149509162680524e-07,9.876460232847084e-08,-1.4953335182555597e-08,-5.8239136965755004e-08,-6.056082626490012e-08,-2.866068864317917e-08,-2.823429677176973e-09,2.319385133118298e-09,4.3834162769809323e-10,-1.0788471792354606e-10,-4.510552901234449e-12,1.888720164424859e-12,-1.0857172094962814e-13
1.46,-6.411844468928274e-08,3.7789260812543424e-07,2.6038413128754334e-07,1.847174190860491e-07,9.296274002307714e-08,1.2345077269275808e-08,-1.800798207272458e-08,-1.0452285251915825e-08,-6.919115941815806e-10,6.823922289050672e-10,3.0942964797430264e-11,-2.320720078239323e-11,2.3063166231396953e-12,-9.560947411384191e-14
1.48,9.169092458010493e-08,-1.3454422411802352e-07,1.482562239690159e-07,1.741304167018269e-07,1.3413115918452885e-07,7.214142648336681e-08,1.6461762419948522e-08,-5.041079712789654e-09,-3.180494989607225e-09,3.599245115273528e-11,1.569023031617288e-10,-1.3313700131505762e-11,-1.3044403881709576e-12,2.1966892822973538e-13
1.5,1.7629736710357666e-07,-5.393705630365303e-07,-1.595031288616894e-07,-5.889414205338564e-08,2.2230554855989532e-09,4.028173883626027e-08,3.2842853843890714e-08,8.710012882191505e-09,-1.5175512870803636e-09,-8.391375992233396e-10,8.235141000655262e-11,1.9250670962910402e-11,-3.3340942582737315e-12,1.6441080268048136e-13
1.52,1.2579393919630397e-07,-4.2891080202724e-07,-2.4001379826611626e-07,-1.5806248451712048e-07,-8.150586800566208e-08,-1.2287546438129703e-08,1.6898450157080448e-08,1.0953942548700725e-08,9.661551807075078e-10,-7.690538760289287e-10,-4.429664783849735e-11,2.856407168086439e-11,-2.6209239314435584e-12,6.44671219619114e-14
1.54,1.296844798250854e-07,-5.477440757593063e-07,-6.424604434943657e-07,-5.08753413366094e-07,-3.3371756239997303e-07,-1.5028504408631988e-07,-1.7170285315006592e-08,2.1104221250856916e-08,8.140673638743759e-09,-8.27761509428768e-10,-4.311812364674126e-10,6.679856220568291e-11,-1.0391025876115706e-12,-2.380955675673757e-13
1.56,-3.42948936122759e-07,9.836713829748233e-07,3.3045845855737767e-07,1.7491105301813072e-07,6.247589416817569e-08,-3.7555973044959374e-08,-5.829013784323998e-08,-2.3755526042779735e-08,6.997209062436106e-10,2.1096922195589386e-09,-6.35578030906258e-11,-6.500967491651459e-11,8.91447351591794e-12,-4.527698745440678e-13
1.58,-2.2854675750462634e-07,6.679042337399532e-07,4.309998356689503e-07,2.9845000433579953e-07,1.7938714774105684e-07,6.283856855064489e-08,-8.665902779441195e-09,-1.8428310016209773e-08,-4.339484138563346e-09,1.121698771843968e-09,2.3271333774929626e-10,-6.091970612860653e-11,3.399422128340379e-12,9.081472553129633e-14
1.6,2.7744058890555312e-08,-1.138549395804378e-07,3.2613920237373195e-07,2.662723359650454e-07,2.0226818143315173e-07,1.4836977787341388e-07,6.77377953867131e-08,5.725190533462099e-09,-7.730754281523589e-09,-1.4380616220402431e-09,4.771411080909532e-10,2.900696935252689e-12,-8.568377669708471e-12,7.244957400936308e-13
1.62,3.921800681156839e-07,-1.1343830093595453e-06,-5.201179876228746e-07,-3.4410239046979603e-07,-1.9801642048224329e-07,-4.391280625172696e-08,3.9047191886755137e-08,3.3504018452602466e-08,4.9098358388937474e-09,-2.5642685438139606e-09,-2.524862432844166e-10,1.1821735387482213e-10,-1.0885096535066807e-11,3.8160384682912885e-13
1.6400000000000001,3.4313459244740985e-07,-8.940453699459545e-07,-6.98464297178218e-07,-4.789281000679808e-07,-3.097144617860521e-07,-1.5535267482234393e-07,-3.05337455188499e-08,1.896759969151774e-08,1.0739055387250403e-08,-5.282111700073353e-10,-6.578603021492255e-10,8.935311334151014e-11,3.510826612068696e-13,-6.500995759512601e-13
1.6600000000000001,-4.6872187613519875e-08,1.852745032848073e-07,2.0508285143375085e-08,1.710070098408776e-08,7.4203880300798084e-09,-1.3224976783474248e-08,-1.8920195559221772e-08,-8.664874982100687e-09,5.633906224032127e-11,8.773052400919221e-10,-2.2308405204498824e-11,-3.061468274528044e-11,4.494939820744517e-12,-2.2577960009408093e-13
1.68,-3.3724369236416024e-07,9.828434027160866e-07,5.976341620163512e-07,4.067403779585627e-07,2.620633621465624e-07,1.199633287467456e-07,1.0973577959809194e-08,-2.4309914006863604e-08,-1.0094552258026407e-08,1.238787686444259e-09,6.350744373472602e-10,-1.1936424323456298e-10,4.802159944651205e-12,1.8548942763707554e-13
1.7,-2.515301925449186e-07,5.074341913785031e-07,5.714797025229757e-07,3.4954134513648935e-07,2.236875606869749e-07,1.5183527842405628e-07,7.127501100873688e-08,6.705417607505513e-09,-9.526239920976034e-09,-1.949292099208324e-09,6.932037782876078e-10,-5.091738174752697e-12,-1.2298082582677672e-11,1.2816463656421112e-12
1.72,-9.430371398266358e-08,1.2501048773488335e-08,2.408361417178867e-07,1.1357591649896969e-07,6.412976388215307e-08,7.064727292849736e-08,5.742456425398223e-08,2.0021054003121477e-08,-2.679577368937822e-09,-2.5628670044747313e-09,2.569692519481439e-10,7.079014010722383e-11,-1.4433283263221366e-11,9.53987811056628e-13
1.74,3.33423819913936e-07,-1.1836507366478678e-06,-7.187041515819615e-07,-4.920744942081058e-07,-3.26892926478617e-07,-1.6883691832206846e-07,-3.383667676696298e-08,2.5552587534555162e-08,1.55449900980458e-08,-8.297158381903071e-10,-1.0850872267224344e-09,1.685741057920291e-10,-4.088618712257824e-12,-5.813082491496618e-13
1.76,3.528987141423979e-07,-9.343952712656577e-07,-7.917586392877695e-07,-4.6093619834625555e-07,-2.8360162291935376e-07,-1.864934279341467e-07,-8.803704725738205e-08,-8.07412544213005e-09,1.320611206230126e-08,2.752029300517704e-09,-1.0539134305933076e-09,1.9863971578715223e-11,1.7443694763381173e-11,-1.7980466020164204e-12
1.78,1.6859345139318637e-07,1.3012837129987797e-07,-2.4652206098786157e-07,-1.6766335320892454e-08,3.872715038854223e-08,-2.854163731825566e-08,-7.457168221892464e-08,-4.819988019900468e-08,-4.61920891719537e-09,5.201482770623425e-09,1.701606421684789e-10,-2.4119078785513233e-10,3.1734102514833704e-11,-1.7246254066776573e-12
1.8,-2.448664127788897e-07,1.3731764139442864e-06,8.35980626257769e-07,5.906891588838153e-07,4.042107976311865e-07,2.273748352440302e-07,6.385614228297917e-08,-2.529654797848893e-08,-2.2854251658445705e-08,-6.961545595085376e-11,1.7689262296974057e-09,-2.364179750135708e-10,1.6955384850043248e-12,1.3675655931039837e-12
1.82,-4.7258335920122773e-07,1.3676826564834274e-06,1.1964342495285004e-06,5.985759828574752e-07,3.244109070626674e-07,2.3863837833034774e-07,1.5251174024507675e-07,4.1957503356707896e-08,-1.3922801929964253e-08,-7.4211936573732006e-09,1.3865133193587294e-09,1.346510303972849e-10,-4.751591183233331e-11,3.74461925226402e-12
1.84,-1.6848966408937547e-07,-3.9087604309566513e-07,-1.9016681736803466e-08,-2.1536503689494144e-07,-2.1945489551338047e-07,-9.86741629035873e-08,1.9597386528998582e-08,5.245851144740268e-08,1.815413746099944e-08,-4.307962717998472e-09,-1.3006447859920459e-09,3.7559820227975327e-10,-3.1644000570915654e-11,1.0274093316560429e-12
1.86,1.4053756705367836e-07,-1.717853298529692e-06,-1.1367148049247207e-06,-7.944490499923735e-07,-5.402663215993138e-07,-3.336348445871491e-07,-1.3171793135255362e-07,1.1096015564108098e-08,3.3792819089273774e-08,3.535047154578242e-09,-2.973386448678044e-09,2.74624058357268e-10,1.535828175790524e-11,-3.4157517580461066e-12
1.8800000000000001,4.863233207324461e-07,-1.547294851793118e-06,-1.370305066965066e-06,-5.272055264777305e-07,-1.9714441517443802e-07,-1.713283974203502e-07,-1.673841948169382e-07,-8.370863769139279e-08,4.943150075462782e-10,1.1912410445872809e-08,-5.799480576763189e-10,-4.657176209347386e-10,8.450712753269723e-11,-5.4328087167876404e-12
1.9000000000000001,2.9004342274073025e-07,3.6937125243472835e-07,8.229783611844255e-08,3.77983472233149e-07,3.746136372942779e-07,2.1375928671189337e-07,3.363059676190572e-08,-5.6683508453355454e-08,-3.4070549857453166e-08,2.960649318208778e-09,2.85011543538086e-09,-5.715474809468539e-10,3.3391037818856356e-11,-1.311982206902984e-13
1.92,-1.0068172398645502e-07,2.241179494515762e-06,1.697399658356154e-06,1.0169846743338833e-06,6.165244033205135e-07,4.164276916413705e-07,2.3409415484461783e-07,4.672207454703859e-08,-3.4862425161009784e-08,-1.2542604542107282e-08,3.767212858178139e-09,6.3333209119817435e-12,-7.5610434905303e-11,7.798054628242734e-12
1.94,-4.197254305887384e-07,1.639965312317279e-06,1.370036755088985e-06,3.5419299980801993e-07,6.861052604420319e-09,3.5920289163135326e-08,1.217120679588039e-07,1.0533920897354537e-07,2.057841657916292e-08,-1.2985068409952262e-08,-1.2190596358980024e-09,8.281531744007073e-10,-1.0942169804788182e-10,5.948706317034785e-12
1.96,-3.717417431508283e-07,-6.054952506733555e-07,-4.683472170490541e-07,-7.268809887177883e-07,-6.282270674911336e-07,-4.0938700133932946e-07,-1.5946126632213151e-07,2.7655058574215484e-08,5.543462442325533e-08,4.71891606595564e-09,-5.506887755806107e-09,6.62641580061879e-10,3.5219138803249672e-12,-4.252738460865102e-12
1.98,2.5597156745561442e-08,-2.5605325454745994e-06,-2.0884205979941747e-06,-1.057880329651136e-06,-5.332821550005796e-07,-3.752621978673088e-07,-2.769084525594979e-07,-1.1093823376194696e-07,1.7721291188611474e-08,2.122105709884657e-08,-2.93810481521474e-09,-5.672184477754222e-10,1.5213224571156841e-10,-1.1954102638322972e-11
2.0,3.8212862821354653e-07,-2.1089926812422883e-06,-1.564117379364543e-06,-1.8562197098723155e-07,2.2396906394886494e-07,1.4182370430940216e-07,-4.545132907426931e-08,-1.2273475503168886e-07,-5.201500206307398e-08,1.1879933703711366e-08,4.458513169173107e-09,-1.3700805719433183e-09,1.3712928833902946e-10,-5.967702948559556e-12
