t,mx_0,mx_1,mx_2,mx_3,mx_4,mx_5,mx_6,mx_7,mx_8,mx_9,mx_10,mx_11,mx_12,mx_13
0.0,-1.0000000000000002,7.498798913309866e-33,7.498798913308953e-33,-1.0000000000000002,-1.0000000000000002,-1.0000000000000002,-1.0000000000000002,-1.0000000000000002,-1.0000000000000002,-1.0000000000000002,-1.0000000000000002,1.0000000000000002,-1.0000000000000002,-1.0000000000000002
0.1,-0.9811057452545859,-0.00021960926830793292,0.0002193819743408382,-0.9624431236362062,-0.9662360288223381,-0.9681566993102115,-0.9681571109172725,-0.9681569063528446,-0.9681564947458752,-0.9643559785023199,-0.9605704534575047,0.960560580151321,-0.9615590284419431,-0.9811057452545866
0.2,-0.9364863014100676,-0.0019382543334073802,0.0019084159782859612,-0.8705600665613027,-0.9140805135608567,-0.9373740465445124,-0.9374539505067347,-0.9374149798286932,-0.9373350791844887,-0.8926950409504694,-0.8501927967284898,0.849780611697073,-0.8630711166166664,-0.9364863014100712
0.30000000000000004,-0.8942444308103367,-0.003552751361939601,0.003308047458954396,-0.7489695372047762,-0.8811555606813266,-0.9602609285507142,-0.961632097631237,-0.9609843326386033,-0.9596140872572797,-0.8155099093970364,-0.6931717207320972,0.6908720936692793,-0.7419827923482816,-0.8942444308103352
0.4,-0.8799186903325977,-0.003764127396113993,0.0030779979960944923,-0.5996045581095303,-0.8190483652318578,-0.9695061412284617,-0.977363554824106,-0.9738084673484158,-0.965979635396042,-0.7070662763074692,-0.5176253777941306,0.5127012238567785,-0.6269875546236235,-0.8799186903325973
0.5,-0.9002190106705328,-0.009849662315770401,0.006404117955869883,-0.4350224725304887,-0.7089233467124921,-0.9190716317403034,-0.9417116875744905,-0.9319372984640995,-0.9095322349849935,-0.5617507455711707,-0.3447118678121786,0.33814678753110883,-0.5200701312988858,-0.9002190106705322
0.6000000000000001,-0.9399581746919935,-0.027665572100011783,0.012739677589095468,-0.2817028847471747,-0.5982574476884783,-0.8608881890616326,-0.9033537070448716,-0.8855921245918577,-0.8439615619925863,-0.4164895071097873,-0.1961136190214886,0.18802180207187713,-0.4083040537242583,-0.9399581746919924
0.7000000000000001,-0.9734770784031346,-0.05016550899782935,0.013787668750763817,-0.15053307974576266,-0.5010183487283485,-0.8168979583034731,-0.8828309364175526,-0.8550394660280488,-0.7911820745765402,-0.2917714624106315,-0.08766431979402961,0.07914262105321743,-0.2879484632720018,-0.9734770784031322
0.8,-0.9818787056954899,-0.07408700667456138,0.006916109783966775,-0.04290286825263635,-0.393972663503508,-0.7459462623726274,-0.8459798606565407,-0.802995182076107,-0.7080443947423403,-0.1846585452700379,-0.020109441753335802,0.015868014556581857,-0.16996832539248052,-0.981878705695493
0.9,-0.9640848934078471,-0.11041488321441222,-0.010087636245158335,0.032647843153734306,-0.28257017662716594,-0.6355871315986191,-0.7799448675647978,-0.7194097130002169,-0.5862563394981076,-0.09948889107319761,0.01149428911537555,-0.006312612698045127,-0.06910232892796574,-0.9640848934078422
1.0,-0.9350212539667822,-0.15974235347936483,-0.04313437916681372,0.0716423829929901,-0.18952345945682933,-0.5139452098322908,-0.696677901696224,-0.6244942237752926,-0.46069482879422297,-0.046137840383481635,0.017440190272812666,0.00044388250714218197,0.0016428604203980127,-0.935021253966781
1.1,-0.9137059759745138,-0.2104479292694164,-0.0898287283027614,0.08103444808230229,-0.11733779061216862,-0.3956515596023157,-0.6033507577816233,-0.52539809668801,-0.3445337552550369,-0.022847351595283102,0.015778048089559175,0.015051712164536095,0.03526273156424696,-0.9137059759745132
1.2000000000000002,-0.9105785235431375,-0.26517405278420914,-0.14848271072824792,0.06976671883197065,-0.06100956971392115,-0.2797459508459469,-0.5063944519501473,-0.4238979672408244,-0.23417295054522982,-0.017825938113164266,0.020383937923103824,0.01978761006490579,0.03533894420452259,-0.9105785235431352
1.3,-0.9226715935532346,-0.33655016944954164,-0.22549534461514587,0.04458732391302515,-0.022610268262969555,-0.1715727817892074,-0.4079355132211534,-0.3275494776887521,-0.13776370624545672,-0.018887164742801336,0.03724405128298631,0.005220526700302747,0.007791970092238986,-0.9226715935532388
1.4000000000000001,-0.9385473447151366,-0.42052321507988183,-0.3166167993039514,0.011098303507668307,-0.0027885766047291293,-0.08194772962908796,-0.3078625614959598,-0.24167149637026325,-0.06432919465928268,-0.016925131392611478,0.06735535524307913,-0.03704410956404082,-0.049200884063693946,-0.9385473447151301
1.5,-0.9478080749802277,-0.49914909987177203,-0.4079007188896499,-0.027373934340921502,0.0015484134175459828,-0.016628775056595612,-0.2177418893580265,-0.17009033091202436,-0.012990151740367994,-0.006060114016361098,0.10713401439571281,-0.11070366215793731,-0.13546800619459415,-0.9478080749802267
1.6,-0.9476675060882531,-0.5665768722895262,-0.49683702310540623,-0.06788109425995602,-0.0067707936099489,0.025496601120467137,-0.14802867066447797,-0.11640783244778365,0.020049658759536796,0.015011651140139848,0.15050306374230862,-0.2076141026612137,-0.23675584702742408,-0.947667506088252
1.7000000000000002,-0.9425518248622006,-0.6293780563967343,-0.5823651186367391,-0.10594232140770093,-0.023842990238651,0.04742825700317348,-0.09590806489009956,-0.07939610847997558,0.039262258698075314,0.0421684359967119,0.1873699631276421,-0.3142948179070401,-0.3396663881057177,-0.942551824862198
1.8,-0.9385772826945686,-0.6880720527237169,-0.6501578879345588,-0.1404664578704494,-0.04642359933023775,0.052870071126814785,-0.05747587800379353,-0.05431543972732122,0.0499623735432536,0.06806436874760202,0.2059474393564293,-0.4203751617940467,-0.4448888750761977,-0.9385772826945717
1.9000000000000001,-0.9382304884227587,-0.7361542256054828,-0.6908298022649834,-0.17237283264870265,-0.07186583704816915,0.047499022806599116,-0.03277634449422232,-0.03779487134735746,0.05477136691582374,0.08471859975654036,0.20320164633430604,-0.516468896392918,-0.5503534285249473,-0.9382304884227606
2.0,-0.9393834526500366,-0.769899992619604,-0.7102761789492105,-0.1971798308915818,-0.09271804841024855,0.036304398667699994,-0.018966273306417227,-0.028331712930349386,0.05423110905270379,0.08610054448530285,0.1831074101919917,-0.5913601962935613,-0.6410016452569116,-0.9393834526500369
2.1,-0.9385439300198704,-0.7891583841803989,-0.7120467923917971,-0.21129477302177957,-0.10341923231341657,0.022335130523368846,-0.01078542499901112,-0.0243041248997638,0.05033073654473148,0.07267008209579078,0.14847207226095976,-0.638003784182089,-0.7070969287345881,-0.9385439300198704
2.2,-0.9347779544089881,-0.7934935110349454,-0.6929563008488276,-0.21932048210299954,-0.1069272468811817,0.008679231980821123,-0.004593652744051218,-0.023689356418568463,0.04476017508946535,0.05045931990268652,0.1034983198990248,-0.6571493769573925,-0.75249162851318,-0.9347779544089874
2.3000000000000003,-0.9307233065001267,-0.7832245496979643,-0.6542559204282962,-0.22393520236838377,-0.10331167685870106,-0.002407810192986282,0.0016310560543839115,-0.024923113757565764,0.03678438076824393,0.025586686900206705,0.0554606878559216,-0.6505376014310239,-0.7787733862650069,-0.9307233065001246
2.4000000000000004,-0.9300901697409928,-0.7611932052795306,-0.6003824320530613,-0.22047257539347728,-0.0877397260619999,-0.010179527727437618,0.010387656063424438,-0.027320837596274714,0.026771465906143276,0.004485252034161335,0.011269681176319228,-0.6168222703492051,-0.7820367729617576,-0.9300901697409945
2.5,-0.9341719129488106,-0.7301960575423163,-0.5321427384358928,-0.20787202833615687,-0.0626344054483059,-0.013493673896234909,0.024156387962252918,-0.03081765302604189,0.017213289930518724,-0.006843042470858433,-0.022712721202409372,-0.5571158920273745,-0.7644644435708627,-0.9341719129488071
2.6,-0.9405350549496765,-0.6909969495937459,-0.4512494962637949,-0.19084149366786218,-0.034146487212475686,-0.010728512430859248,0.042657593722200876,-0.035394074820113315,0.008900610943463207,-0.007645909081960301,-0.042736884125536875,-0.4776203268882771,-0.7313794874198275,-0.9405350549496778
2.7,-0.9449326015592466,-0.6442360470291466,-0.36560193337537844,-0.17121408958222578,-0.0030166589506421234,-0.0012158288174977678,0.06486357538202707,-0.0416465602039753,0.0007796561055478546,-0.0008813428364011616,-0.050081344704212216,-0.38721808172229716,-0.6823275650718892,-0.9449326015592462
2.8000000000000003,-0.9446581560206486,-0.5913756238712222,-0.2828524885289307,-0.148022910180068,0.030900959484146548,0.015158805706724426,0.09195012775042014,-0.05199243971885832,-0.008572392146386235,0.009768464601636509,-0.04678740439456715,-0.2950996835994239,-0.6169831152367762,-0.9446581560206541
2.9000000000000004,-0.9404770066730873,-0.534461338480589,-0.20402681434423997,-0.12073238411677754,0.06592862138081605,0.037501281658546624,0.12055281288021528,-0.06891602362081094,-0.02143925570408623,0.018810809431090002,-0.03444493052944765,-0.20659189066389164,-0.5411831197986405,-0.9404770066730873
3.0,-0.9356788245708905,-0.47935567354482406,-0.12928739465506067,-0.08789500759821882,0.10174105422633337,0.061759494100124566,0.14045408563215017,-0.09308203701031696,-0.040930555645026394,0.021218180112514765,-0.018329079327413584,-0.12438691770498252,-0.4611903887595583,-0.9356788245708908
3.1,-0.9333031417448789,-0.43537455657721946,-0.06297881635574429,-0.04898723133257021,0.13730011740915787,0.0821502555895279,0.14785331031191468,-0.12411485676309347,-0.06896208234471587,0.015370412645269949,-0.005483025953253775,-0.05522644474102166,-0.38179122408183863,-0.933303141744878
3.2,-0.9339692810791022,-0.4061199686677235,-0.007348408195303324,-0.006362258853747313,0.1696438007970223,0.09482920737474526,0.14631294999542696,-0.16088089218471474,-0.1042727823012852,0.0006890746975365604,-2.5196982416334814e-05,-0.005578612546367273,-0.30839289432390943,-0.9339692810791038
3.3000000000000003,-0.9359742709588028,-0.38779235155451136,0.041540622515271415,0.03867161570123977,0.19783662982488429,0.09636407901360311,0.13280858910008406,-0.2017845805451064,-0.14641441055166815,-0.023675115756768037,-0.004627470078748773,0.025904343989581666,-0.24180890463533541,-0.9359742709588033
3.4000000000000004,-0.9372367230786902,-0.3814420486679703,0.09027215682769392,0.08608453234449923,0.22051061492585475,0.08137715249047288,0.1010675797716809,-0.24498675563589753,-0.19726084698227828,-0.05671808783804752,-0.022141934011373716,0.042156045023714964,-0.17812193387195188,-0.9372367230786902
3.5,-0.9371752123051363,-0.39472115692795107,0.14410841587262582,0.13033203476937488,0.23105891768743975,0.048313803492134585,0.05504361330536398,-0.285200459999158,-0.2503372674372852,-0.094742761141384,-0.0534411779301579,0.04370368240764309,-0.11970199372237639,-0.9371752123051369
3.6,-0.9369017102035057,-0.42762750742306616,0.20376369346582923,0.1607349158172796,0.22575821784322833,0.0026452098497915704,0.0028698040020687394,-0.31913152598023764,-0.29425918938693213,-0.1346821320757212,-0.09589115605641604,0.03525227171570222,-0.07397847209162138,-0.9369017102035049
3.7,-0.9377713493931491,-0.472656204992462,0.26774328373973266,0.17108567147701415,0.2083858533912763,-0.05248274679557791,-0.05573597164412472,-0.35247268416978517,-0.3318952029699716,-0.17800900563656763,-0.14614675295082138,0.022311597142120953,-0.039384988196020265,-0.9377713493931505
3.8000000000000003,-0.9397932727280044,-0.52925805825768,0.3390482667103888,0.16085186900224596,0.17801544296019886,-0.11471673645423176,-0.11998175537727689,-0.384293999745519,-0.36742930160259385,-0.22491866523546158,-0.20323360676154548,0.005550318167248388,-0.008662394564100145,-0.9397932727280052
3.9000000000000004,-0.9414166388726875,-0.5999702249671596,0.415583831987893,0.1283743397592054,0.13076112379698349,-0.1725989820495739,-0.17869144394022704,-0.4025036719587903,-0.38878043786662836,-0.26848934606339764,-0.2635890338052576,-0.01106178151322583,0.015970845472133885,-0.9414166388726871
4.0,-0.9408783510171363,-0.6763361363722958,0.4809259922347351,0.073900312028701,0.07177268851037015,-0.2207743481876022,-0.23056170230725181,-0.40945641062184873,-0.3920757317593424,-0.3067051106282401,-0.31579521616642225,-0.019859310742241967,0.0279291600771761,-0.940878351017137
4.1000000000000005,-0.9378761112246331,-0.746581293931387,0.523077069380817,0.005597562052423828,0.00554105695588078,-0.2665189494043149,-0.28453889883895755,-0.41770484043721473,-0.39125231257446513,-0.34758482853249,-0.35106846268435343,-0.021399567045829744,0.030543428676987533,-0.9378761112246319
4.2,-0.9340700622880739,-0.8090081143642673,0.5411017137716679,-0.06360934907622161,-0.06671656928259034,-0.3035067693787073,-0.328493232343298,-0.42027749992897756,-0.3883102113622768,-0.3885572626797993,-0.3704691114614338,-0.02032714722072977,0.03039091940549129,-0.9340700622880733
4.3,-0.9319621765231082,-0.8637002836888156,0.5231002575246823,-0.11926281157427952,-0.13493666300920104,-0.3196071436157741,-0.34693462719509693,-0.4102834526519572,-0.3779664144422666,-0.4175360363377011,-0.3690429088961537,-0.015632433614016082,0.025809776495925717,-0.9319621765231061
4.4,-0.9330709695192917,-0.9037212465001367,0.4578645746901442,-0.15006126566949143,-0.19618949472043648,-0.32574377199686394,-0.3541920845119407,-0.39753022774166913,-0.36560110040771154,-0.43745029145026454,-0.33460313358219973,-0.006816259479443054,0.013451705260354531,-0.9330709695192925
4.5,-0.9368452036541359,-0.9227800665131851,0.359902434771364,-0.15311028738604823,-0.2581165724546803,-0.33152977060876937,-0.3584775401235348,-0.38331139250907736,-0.35449660161682434,-0.4574088279701764,-0.27133276312393173,0.001900141946172273,-0.004874805527411147,-0.9368452036541393
4.6000000000000005,-0.941073109790946,-0.9176528495744907,0.24227073228356288,-0.12549780332455798,-0.308932391545938,-0.32568550915823713,-0.3442046037640151,-0.36014579256567253,-0.3407685534996937,-0.468449231990265,-0.19030339191895312,0.006993906523643262,-0.026495643085854913,-0.9410731097909455
4.7,-0.9433473723239417,-0.882575586752243,0.10423980797086108,-0.06289594341609911,-0.3297462804855448,-0.30765301660589645,-0.3162372852297577,-0.33790621090717754,-0.3287330215226163,-0.4596360993488494,-0.08767565962282081,0.005826939648993996,-0.04934796550824882,-0.9433473723239397
4.800000000000001,-0.9424626770561042,-0.8155222505875571,-0.031192395735025778,0.02161003008482514,-0.3299364962958998,-0.2895255535299537,-0.2921070955666933,-0.32156840034305323,-0.3187257197283659,-0.435180805654453,0.028499588735931277,-0.0027726636195726764,-0.07244519129304372,-0.9424626770561048
4.9,-0.9389026557847648,-0.7236540024359773,-0.13041081465697066,0.10366900294801037,-0.32144457815759897,-0.2698477172559145,-0.26513156773350777,-0.2968759026112892,-0.30215601255252184,-0.4017473715967413,0.12956519141360576,-0.017980788121005637,-0.09976396040865744,-0.9389026557847653
5.0,-0.9343991952020991,-0.6122948803707888,-0.19073151240944744,0.17429444229855917,-0.2930500513495517,-0.24326077739233604,-0.22857400006994086,-0.2611776961003887,-0.2779587506802674,-0.3570149720775342,0.2123377935253043,-0.041290558162599855,-0.1325436178802186,-0.9343991952020987
5.1000000000000005,-0.9310961287246741,-0.48305713404024275,-0.2155417206295778,0.2314304813177652,-0.24146030871211874,-0.21549734995479297,-0.19680727327808617,-0.2301913129698513,-0.2520513029267247,-0.29958201917115834,0.2871392870612884,-0.07223242421566778,-0.16187387285269622,-0.9310961287246734
5.2,-0.9307659227077762,-0.3467295963457311,-0.19544579118392139,0.2612782218032906,-0.18521735544281087,-0.18923286173144355,-0.17400726807356165,-0.20431268423001817,-0.22218986098585478,-0.23605566816631524,0.33299652847755373,-0.10468912850608904,-0.18571440422669527,-0.9307659227077747
5.300000000000001,-0.9341378454396791,-0.21748510124371864,-0.13951449768757593,0.2578165841143735,-0.1351143946348154,-0.16060864512879153,-0.14815854589197858,-0.1711433300497074,-0.18552501125988552,-0.174844907240788,0.33363208562706925,-0.1396365748786743,-0.21766414737091272,-0.9341378454396798
5.4,-0.9402972426711491,-0.09684615867914034,-0.06747012195914477,0.23375848081633432,-0.08904661150607346,-0.12770757625187976,-0.11773064387927627,-0.13271814242470964,-0.1439654906499306,-0.11882071493385461,0.31192506909892825,-0.18138453878276858,-0.2603387228482027,-0.9402972426711498
5.5,-0.9464779802058108,0.015131703542307683,0.01125071245192117,0.19964893660924352,-0.05057808092951845,-0.0932471738573782,-0.0920697532100966,-0.10044978741886423,-0.10173490310180869,-0.07119886176938724,0.28105237112625964,-0.22066692725489678,-0.2968604348186275,-0.9464779802058079
5.6000000000000005,-0.9488700347963883,0.10369666979483151,0.07911214867174723,0.16082299317031076,-0.025682485260003822,-0.0618860589428563,-0.07184178211616216,-0.0748505470118187,-0.06447859146159042,-0.03676207404409684,0.23020376255559336,-0.24793743932915233,-0.32498967597668166,-0.9488700347963919
5.7,-0.9446657012231686,0.1559144882374799,0.1170627751052795,0.12845554740064455,-0.011656616363966102,-0.034503876036361895,-0.05096438493824671,-0.05024299370456116,-0.034016349404368554,-0.014995402833140272,0.1652315022710143,-0.2717495752930065,-0.3619403927564582,-0.9446657012231698
5.800000000000001,-0.9344623417134763,0.17554613650214654,0.12835798231113987,0.10939363999875236,-0.002735946437916485,-0.00905247265027588,-0.02982202040731394,-0.027706828816524927,-0.008411422384997766,-0.002640831865615344,0.1054901698913585,-0.296925991231914,-0.4060834629209159,-0.9344623417134755
5.9,-0.9232061961192862,0.16639911082346745,0.11806646782699444,0.10124971930484392,0.0030780134330481213,0.010358732218050757,-0.014139095492472269,-0.012300872354287,0.009010780453958016,0.0017075924601647181,0.0562521846632241,-0.3124281693297832,-0.44032330138164855,-0.9232061961192882
6.0,-0.918217926739863,0.1254596136538957,0.08343071206294497,0.10284464757470718,0.006513655963538959,0.01951131206913755,-0.005932699864467379,-0.004783135286590387,0.01572938853825733,0.0010091397727400788,0.015964272088302645,-0.31268527905843174,-0.47019776006892916,-0.9182179267398598
6.1000000000000005,-0.9246935615474825,0.05696058457905514,0.033828885058225754,0.1126712857442248,0.00949442032750159,0.022339978614085165,-0.002444844216451802,-0.001800694388457027,0.016454308449885612,-0.0011721929260476022,-0.013895324016752827,-0.3050765627157178,-0.513679117807535,-0.9246935615474853
6.2,-0.9413227089760886,-0.031017252230983585,-0.015946124364083488,0.12194633333362631,0.011843613216433152,0.021460126441195784,-0.002019139397471643,-0.0013259917815518804,0.014097704728932242,-0.0032565844340558914,-0.03352344979019215,-0.2914660123278707,-0.5668932165658402,-0.9413227089760863
6.300000000000001,-0.9594248548488903,-0.13717178621193563,-0.05957001992066587,0.12254684955491192,0.010107822888588714,0.01465281976659948,-0.006583529821455466,-0.003722159816462844,0.0082862348257439,-0.0036636680997799683,-0.0444125766126854,-0.2659756851550069,-0.6124304848935974,-0.9594248548488937
6.4,-0.9672306788719985,-0.2532844048781036,-0.08929295387718766,0.11330791522694127,0.0033038079220349265,0.003926037960623539,-0.01625812642924731,-0.007569042195166672,0.0018283031639223877,-0.0013603960464196984,-0.04664480151067487,-0.2269772033105056,-0.6438041827559027,-0.9672306788719987
6.5,-0.9573999925815396,-0.35698407698529927,-0.09700274964728899,0.09547997134831265,-0.00595511357060058,-0.005902947126076946,-0.026737731064344794,-0.00953565093716459,-0.0021049913958874717,0.0026071289727252877,-0.041801215417307545,-0.17941909495983996,-0.6602598707053173,-0.9573999925815396
6.6000000000000005,-0.9330074301536654,-0.4368164992789113,-0.08648858530108236,0.0713482329803187,-0.01622862264357519,-0.013934663316946188,-0.035433714329546714,-0.008225351564372296,-0.0032345359967393167,0.007719727255771964,-0.03393640612791847,-0.13066391262625154,-0.6598977368112164,-0.9330074301536657
6.7,-0.9073852831609222,-0.4994329673642043,-0.065637194946325,0.04560513960237553,-0.02713134661006123,-0.021040677996354434,-0.04327413222078839,-0.0038883947528191173,-0.0018905347038563225,0.015010420104910915,-0.025228019520822462,-0.0853868037061685,-0.6496720533323876,-0.9073852831609202
6.800000000000001,-0.8968432294484516,-0.5473015381569316,-0.034276188030469466,0.020318943617324677,-0.036720100426721754,-0.026420245202402985,-0.04889015765160189,0.003375737422472684,0.0018242277827084192,0.024551971740655668,-0.013583327203915672,-0.04018368002460453,-0.6415647018122665,-0.896843229448451
6.9,-0.9102157529856032,-0.5765192071056969,0.007715760195543803,-0.004011683871371375,-0.042758725839510923,-0.029028162477777827,-0.049708657550748304,0.012528261499540382,0.007316031280886359,0.03499065654255754,0.0032844090174027106,0.008571140542339232,-0.6406694565981589,-0.9102157529856025
7.0,-0.9420136023380914,-0.5886865600408829,0.049115603225931996,-0.022420271131062302,-0.044152785426731775,-0.028828343023330146,-0.04668098193690881,0.02239194499266758,0.01382846170711504,0.04639349221007202,0.023558446118597146,0.05388751184390179,-0.6459037036291306,-0.9420136023380928
7.1000000000000005,-0.9743167613058527,-0.582449002549023,0.08024150450962574,-0.031208562770328453,-0.04141122704712932,-0.026311273038413234,-0.041132481573052986,0.03268058164064065,0.020905132843589573,0.0602481670723612,0.04540376362829425,0.08958692640260371,-0.650289599203794,-0.9743167613058573
7.2,-0.9871138180217252,-0.5424038724070127,0.10359722593662826,-0.033949470953364834,-0.03623883000583128,-0.022189607190314733,-0.03286241190521552,0.04224538710376814,0.028525654388220894,0.07626607830698552,0.07144616437875523,0.1219480261279787,-0.6384822835745319,-0.9871138180217249
7.300000000000001,-0.9709934628877906,-0.46106559234073335,0.11837753099599978,-0.033275268999129075,-0.029775376471822355,-0.01730039563043566,-0.023642628032815152,0.049746490645259475,0.03640213896897687,0.09228151407126614,0.1031255057842801,0.15476649493536437,-0.602790290939992,-0.9709934628877903
7.4,-0.9339584064791325,-0.36041176887177273,0.11587785428049562,-0.028242893953335634,-0.022690244400176383,-0.012407785796417327,-0.015909384225899322,0.05587759239052343,0.04357961625082723,0.10719028138694343,0.13341742626381878,0.17956686950243764,-0.5584868524361254,-0.9339584064791329
7.5,-0.8974412905428337,-0.2689022031446125,0.09889241656266026,-0.021176575319641074,-0.01652832853904773,-0.00828313053553336,-0.010243357062214258,0.06191807993675378,0.05006973327532422,0.12198507081756985,0.15628778596783302,0.19373141535055202,-0.526751698465053,-0.8974412905428335
7.6000000000000005,-0.883468144268235,-0.19399737615765988,0.07773454518646195,-0.016335672039213107,-0.012689852481066367,-0.006053847950778828,-0.007166861600840257,0.0676346573921446,0.0571303481837951,0.13681989869609384,0.17612936715321162,0.20696685922936603,-0.5164644357330264,-0.8834681442682355
7.7,-0.9008911563270727,-0.12812882695556527,0.053927994595662235,-0.014815388753543685,-0.01130559183469277,-0.006776451253674471,-0.007582300453452513,0.07183014556808534,0.06419426459764697,0.14788224628254884,0.19379941965537234,0.22260398491199615,-0.5288161961293573,-0.9008911563270707
7.800000000000001,-0.9395635232946646,-0.06846696451113142,0.02819409190407242,-0.01580212749160638,-0.012144313676455925,-0.010464415352770656,-0.011314149394013139,0.07449882345758496,0.0689035174790329,0.15198286344430628,0.19777067249492622,0.23187203371962378,-0.5629613580319779,-0.9395635232946644
7.9,-0.9764295263408028,-0.023769749417680376,0.009032744802521338,-0.01854768904918595,-0.0152158974634667,-0.016865382021242267,-0.018427510863585458,0.07790019265394275,0.07129777767611431,0.1523634623188345,0.18573530411649272,0.2325958768632036,-0.6117958909621104,-0.9764295263408049
8.0,-0.9897994312386764,0.00024973505308133794,-9.03377959377038e-05,-0.022210380697151148,-0.019842829279079908,-0.025819384868905226,-0.02931297413227992,0.08186018189332295,0.0721056076087216,0.1504071744792239,0.168359677279407,0.23113143407938738,-0.6589795806443636,-0.9897994312386786
8.1,-0.9726952460120597,0.011509538290211226,-0.003715618510869709,-0.025356055284136134,-0.024544740153035458,-0.03521648024426106,-0.041757584325398105,0.08171745869360592,0.06891873701493029,0.1399906709541076,0.14462395261886254,0.22253887921024978,-0.6897499719687987,-0.9726952460120573
8.200000000000001,-0.9367256069507999,0.014723381885820326,-0.004043943008685287,-0.025983738113518156,-0.029173276165645662,-0.043122190206663545,-0.05379038879786678,0.07594564905671221,0.06088556849144049,0.12142655393341759,0.10815632101414412,0.19407946151751654,-0.7070763904679552,-0.9367256069508043
8.3,-0.9041677156989384,0.0032630561954284485,-0.0006698215517082675,-0.02294891115984679,-0.03458899449587255,-0.05050745187963651,-0.06757741653972298,0.0684337724006497,0.051149707186964544,0.10437440485063067,0.06925421170383575,0.14886912762049104,-0.7289225044485734,-0.9041677156989345
8.4,-0.8936705151830996,-0.021868020920982216,0.0027092727040313666,-0.016213468006772373,-0.038915471133028914,-0.05546229478231354,-0.08098521959327999,0.05882890899907722,0.04029063585501567,0.08964140431544952,0.03735188564983782,0.09530392482100032,-0.7680923476239775,-0.8936705151831024
8.5,-0.9090167308932052,-0.04793007277972176,0.0014453096930853433,-0.004547532763094354,-0.039247699809281764,-0.0532069948612763,-0.08567011011369366,0.04349986728507749,0.02701811537147883,0.07019684268401737,0.008138769713275845,0.02485949098027295,-0.8218151267505802,-0.9090167308932038
8.6,-0.9380476995945204,-0.07009612746573154,-0.005383173183381922,0.01342534720990875,-0.03749844077512603,-0.04614610340080643,-0.08243560979763435,0.024382377394728535,0.013650492516482112,0.049057886789605265,-0.017557555669086334,-0.06741205823797282,-0.878576381457702,-0.9380476995945226
8.700000000000001,-0.9618269162115489,-0.09503026294969186,-0.017028154821791354,0.03620726373828722,-0.03625774699618115,-0.0395463523870366,-0.07829369814728616,0.006706290545434269,0.003389021369815988,0.03426257473119856,-0.03420681360689599,-0.16553585668077764,-0.9240894639460298,-0.9618269162115489
8.8,-0.96731023277333,-0.11952049027370543,-0.03319827311338025,0.06127851015059826,-0.032047717670906965,-0.03102793510812802,-0.07004368516832468,-0.007047021898460754,-0.003119898594362182,0.023819179198894043,-0.045532543958440946,-0.26138659089479643,-0.9411907269870592,-0.9673102327733248
8.9,-0.9548576671974394,-0.13223636426837138,-0.05160535001134317,0.08833428055968169,-0.021559852530402587,-0.018098184647165578,-0.05362025532836016,-0.016541126974684774,-0.005580995976773628,0.012667119697505213,-0.05187888591364053,-0.35998298703886505,-0.9225249489120919,-0.9548576671974365
9.0,-0.9360273331171743,-0.1365204447151133,-0.06891834045000246,0.11650411599918746,-0.009375370734121974,-0.006543513244024534,-0.03722152166131209,-0.022065773100856962,-0.0038771243767261603,0.0038121002851374897,-0.047328385862405474,-0.4449809141815638,-0.8815065815028295,-0.9360273331171761
9.1,-0.9241231754856671,-0.14146692426012739,-0.08310632605574077,0.1412991567341517,-3.972045601927441e-05,-2.2430095612310224e-05,-0.026601977261937453,-0.023146235112047997,-1.7768361873342303e-05,1.3370545091969279e-05,-0.03783799035770615,-0.4900300475555491,-0.8341638545319975,-0.9241231754856674
9.200000000000001,-0.9248217227554957,-0.1452197870682931,-0.09296450204151241,0.15752209262162017,0.00855081516102758,0.004547043057487688,-0.017835444531217465,-0.018872558277673982,0.004813220154099276,-0.001706182854916662,-0.03147967158994778,-0.5010025602517512,-0.7826180234432474,-0.924821722755495
9.3,-0.9335293440623661,-0.14794323070746868,-0.1017022515402559,0.16720805340465777,0.019031614930999013,0.009110133538112382,-0.009419354805892685,-0.01193329215375545,0.01154282477438621,-0.002470918671679683,-0.021730195440555548,-0.49779839979688234,-0.7241330009143243,-0.9335293440623682
9.4,-0.9406568815236359,-0.157923755856014,-0.11403494656561683,0.1765479902723871,0.028027307171390747,0.012016250993971795,-0.004815674062672167,-0.007111046764635069,0.01774261268657892,-0.0007543258832502359,-0.004761982770420086,-0.47417124780518816,-0.6566680530876964,-0.9406568815236364
9.5,-0.9400310210410134,-0.17252333352077595,-0.126011460456367,0.18523792860834004,0.03191962169557453,0.013574461434739912,-0.0036843550549151252,-0.005199148468357954,0.019154210497577265,0.001634225712529263,0.009479369877957926,-0.4192919289384976,-0.5740592848163817,-0.9400310210410151
9.600000000000001,-0.9336415223718807,-0.1839943131463802,-0.1341925865910805,0.18739602801273472,0.03226400163926276,0.014870350383299324,-0.00327013160070615,-0.003800243233411975,0.017280583495141093,0.0029055608070399997,0.01687524708154877,-0.34914219043308464,-0.4787212454145916,-0.9336415223718807
9.700000000000001,-0.9292191441030581,-0.20422183274843833,-0.14832113699350594,0.18425263847128362,0.03232442780568289,0.015684862217362764,-0.0033889183907857973,-0.003300503724597776,0.015275351852502013,0.004161488733518688,0.02372289827013738,-0.2827881022226949,-0.3893723888530044,-0.9292191441030573
9.8,-0.9330075328272821,-0.24572387567580029,-0.1703002655976943,0.1799506948954764,0.02967827158000228,0.01447540707588952,-0.0060763162781235945,-0.005021074737880285,0.011960509796138614,0.0049731959661432745,0.030160969896466064,-0.2179772858103809,-0.3145173414991258,-0.9330075328272827
9.9,-0.9438757605973358,-0.2935462380262072,-0.18257999011673562,0.17204227865524094,0.02152764266143075,0.010829362636324027,-0.011464496209411304,-0.007498588442361297,0.007081341551866971,0.003887299112333266,0.031081531714422565,-0.15024925488410934,-0.24156270251526663,-0.9438757605973362
10.0,-0.9537042972882904,-0.3332840157890199,-0.18193505930930975,0.15801639302178572,0.011496603504304592,0.006085023828102334,-0.017205161076355523,-0.008851869777641975,0.0031286128906123025,0.0020144937443718394,0.027721211251348212,-0.09206567919217032,-0.16864789023924104,-0.9537042972882863
