t,mz_0,mz_1,mz_2,mz_3,mz_4,mz_5,mz_6,mz_7,mz_8,mz_9,mz_10,mz_11,mz_12,mz_13,mz_14
0.0,1.109138822452671e-16,5.5402731014009277e-17,5.5402731014009277e-17,2.7647155398380363e-17,1.3769367590565906e-17,6.830473686658678e-18,3.3610267347050637e-18,1.6263032587282567e-18,7.589415207398531e-19,3.2526065174565133e-19,1.0842021724855044e-19,0.0,0.0,0.0,0.0
0.01,-9.324138683375338e-17,-3.7730235602495554e-17,-3.7730235602495554e-17,-3.7730235602495554e-17,-9.974659986866641e-18,3.903127820947816e-18,1.0842021724855044e-17,7.37257477290143e-18,8.239936510889834e-18,-6.071532165918825e-18,0.0,-3.469446951953614e-18,3.2526065174565133e-19,-1.3010426069826053e-18,-2.087089182034596e-18
0.02,-3.4558944247975454e-17,-3.4558944247975454e-17,-3.4558944247975454e-17,2.0952206983282373e-17,7.074419175467916e-18,-6.80336863234654e-18,1.4013313079375145e-17,1.870248747537495e-18,-1.599198204416119e-18,-7.237049501340742e-18,-2.4665599424045226e-18,-5.285485590866834e-18,-3.9302328752599536e-18,-3.4423418976414766e-18,-3.7269449679189215e-18
0.03,-1.020505294851981e-17,1.0081724951399584e-16,1.0081724951399584e-16,1.7550522667109103e-17,1.7550522667109103e-17,3.672734859294646e-18,-3.266159044612582e-18,-3.266159044612582e-18,-4.133520782600986e-18,-1.0638733817514012e-17,-5.21772295508649e-18,-1.2197274440461925e-19,-5.651403824080692e-18,-4.784042086092288e-18,-5.068645156369733e-18
0.04,5.312590645178972e-18,5.312590645178972e-18,5.312590645178972e-18,-2.2442984970449942e-17,-3.63207727782644e-17,-1.6263032587282567e-18,-8.565197162635485e-18,-1.6263032587282567e-18,1.0842021724855044e-19,-3.3610267347050637e-18,-2.0599841277224584e-18,-5.7462715141731735e-18,-7.968885967768458e-18,-7.94178091345632e-18,-5.136407792150077e-18
0.05,2.5831116759467143e-17,8.134226799072497e-17,8.134226799072497e-17,-1.9244588561617704e-18,-1.9244588561617704e-18,-2.9680034471790684e-17,-1.9244588561617704e-18,-2.2741140567883456e-17,-4.526544070126981e-18,-1.1031757105040008e-17,-2.358139725155972e-18,-6.152847328855238e-18,-1.1844908734404136e-17,-8.754932542820448e-18,-7.223496974184673e-18
0.06,-1.2518469334060756e-16,-6.967354210934973e-17,-6.967354210934973e-17,-1.4162390878091902e-17,-2.846030702774449e-19,6.6542908336297835e-18,-7.223496974184673e-18,-1.589711435406871e-17,-6.35613523619627e-18,-9.391901319155682e-18,-6.776263578034403e-20,-7.006656539687572e-18,-1.2644507836612195e-17,-9.202165938970719e-18,-9.486769009248164e-18
0.07,2.017971293538645e-17,-3.5331438295871376e-17,-3.5331438295871376e-17,-3.5331438295871376e-17,-6.308701391150029e-17,-2.839254439196415e-17,9.771372079525609e-18,-9.31058615621927e-18,-1.6249480060126498e-17,-6.274820073259857e-18,-2.0328790734103208e-19,-1.0611628763201875e-17,-1.2454772456427232e-17,-1.020505294851981e-17,-1.1966881478808755e-17
0.08,-1.0137290312739466e-17,-1.2115959277525512e-16,-1.2115959277525512e-16,-1.0137290312739466e-17,3.74049749507499e-18,1.7618285302889447e-17,3.74049749507499e-18,-1.360673726469308e-17,-4.933119884809045e-18,-1.2739375526704677e-17,1.3552527156068805e-18,-1.2088854223213374e-17,-1.5395670849294163e-17,-1.3254371558635292e-17,-1.439278383974507e-17
0.09,4.4967285103836296e-17,-6.605501735867936e-17,-6.605501735867936e-17,-1.054386612742153e-17,3.333921680392926e-18,-1.054386612742153e-17,-2.0952206983282373e-17,-3.482999479109683e-17,-1.2278589603398338e-17,-2.4421653935235987e-17,-3.3881317890172014e-18,-1.4013313079375145e-17,-1.56396163381034e-17,-1.509751525186065e-17,-1.5856456772600502e-17
0.1,4.8382521947165635e-18,1.7137170588849004e-16,1.7137170588849004e-16,6.034940342597439e-17,4.8382521947165635e-18,4.8382521947165635e-18,-2.985621732481958e-17,-1.4243706041028315e-17,-1.07742590890747e-17,-1.771315299298193e-17,-5.136407792150077e-18,-1.2834243216797159e-17,-1.8743145056843158e-17,-1.725236706967559e-17,-1.8458541986565713e-17
0.11,-8.879615792656281e-17,-1.4430730915782064e-16,-1.4430730915782064e-16,-6.10405823109339e-17,-5.5294310796760726e-18,2.916503843986007e-17,-2.0599841277224584e-18,-5.5294310796760726e-18,-2.2876665839444144e-17,-2.3310346708438345e-17,1.0842021724855044e-19,-1.5612511283791264e-17,-2.054563116860031e-17,-1.6967763999398144e-17,-2.0477868532819965e-17
0.12,7.314298906130334e-17,1.7631837830045516e-17,1.7631837830045516e-17,4.538741344567443e-17,4.538741344567443e-17,3.754050022231059e-18,-1.3593184737537012e-17,-3.787931340121231e-17,-1.792999342747903e-17,-1.3593184737537012e-17,1.5856456772600502e-18,-2.1941541465675396e-17,-2.6169929938368863e-17,-1.7604732775733378e-17,-2.1575623232461538e-17
0.13,-8.798300629719868e-17,-3.247185506594086e-17,-8.798300629719868e-17,-3.247185506594086e-17,-4.6349642873755315e-17,-4.716279450311944e-18,-4.716279450311944e-18,-4.6349642873755315e-17,-2.0328790734103208e-17,-1.7293024651143796e-17,-3.848917712323541e-18,-2.2280354644577116e-17,-2.6183482465524932e-17,-2.108773225484306e-17,-2.087089182034596e-17
0.14,1.4033641870109248e-16,2.9314116238576826e-17,2.9314116238576826e-17,-5.3952610608309914e-17,-6.783039841612437e-17,-3.313592889658823e-17,-1.9258141088773773e-17,-2.2727588040727387e-17,-2.6197034992681e-17,-2.6197034992681e-17,-1.4772254600114998e-18,-2.4679151951201295e-17,-2.6197034992681e-17,-2.2727588040727387e-17,-2.5112832820195496e-17
0.15,2.1358782797964437e-17,2.1358782797964437e-17,2.1358782797964437e-17,-3.415236843329339e-17,-6.19079440489223e-17,-2.721347452938616e-17,-4.8030156241107846e-17,-2.200930410145574e-17,-1.940721888749053e-17,-2.5478751053409354e-17,-2.710505431213761e-18,-2.7647155398380363e-17,-2.916503843986007e-17,-2.4557179206796675e-17,-2.756584023544395e-17
0.16,1.1190321672766013e-16,-5.4630236966113355e-17,-5.4630236966113355e-17,-5.4630236966113355e-17,8.809142651444724e-19,-1.2996873542669984e-17,-4.07524491582989e-17,-2.3405214398530827e-17,-3.381355525439167e-17,-3.337987438539747e-17,-1.2874900798265365e-18,-2.5465198526253285e-17,-2.95851667816982e-17,-2.5953089503871762e-17,-2.962582436316641e-17
0.17,-6.253136029810147e-17,-6.253136029810147e-17,-6.253136029810147e-17,-3.4775784682472555e-17,-7.020209066843641e-18,-3.4775784682472555e-17,-3.130633773051894e-17,-2.610216730258852e-17,-3.4775784682472555e-17,-2.9571614254542133e-17,3.821812658011403e-18,-2.631900773708562e-17,-3.347474207548995e-17,-2.5831116759467143e-17,-2.879912020664621e-17
0.18,-6.65564608634539e-17,-1.1045309632196076e-17,-1.1045309632196076e-17,9.997699283031958e-17,-1.1045309632196076e-17,-3.186199134391776e-17,-3.186199134391776e-17,-4.2270332199778604e-17,-2.665782091598734e-17,-2.665782091598734e-17,-4.323256162785949e-18,-2.9151485912704e-17,-3.598195959936268e-17,-2.87178050437098e-17,-3.072357906280798e-17
0.19,-6.404924333958117e-17,-1.7507154580209683e-16,-1.7507154580209683e-16,-8.538092108323347e-18,-7.792703114739563e-17,-2.2415879916137804e-17,-5.017145553176672e-17,-3.108949729602184e-17,-3.108949729602184e-17,-3.846207206892327e-17,-1.1655173354219173e-18,-2.6752688606079822e-17,-3.651050815844936e-17,-3.0926866970149014e-17,-3.130633773051894e-17
0.2,2.417770844642675e-17,1.352000109089424e-16,1.352000109089424e-16,2.417770844642675e-17,-3.133344278483108e-17,-2.439454888092385e-17,-7.047314121155779e-18,-2.7863995832877464e-17,-4.0007060164715114e-17,-3.3068166260807885e-17,2.0599841277224584e-18,-3.2851325826310784e-17,-3.69712940817557e-17,-3.0357660829594124e-17,-3.309527131512002e-17
0.21,1.6146480853740375e-16,-5.068645156369733e-18,-5.068645156369733e-18,-5.068645156369733e-18,-3.2824220771998647e-17,-3.2824220771998647e-17,-4.6702008579813103e-17,-4.323256162785949e-17,-4.323256162785949e-17,-3.585998685495806e-17,-2.9002408113987244e-18,-3.40168431617327e-17,-4.2473620107119636e-17,-3.347474207548995e-17,-3.309527131512002e-17
0.22,-3.661892837569791e-17,7.440337408681774e-17,7.440337408681774e-17,-9.213007960695574e-17,3.277001066337437e-17,-5.049671618351237e-17,-1.927169361592984e-17,-4.7027269231558755e-17,-4.0088375327651526e-17,-5.3966163135465983e-17,-5.3939058081153846e-18,-3.31494814237443e-17,-4.290730097611384e-17,-3.558893631183668e-17,-3.5453411040275995e-17
0.23,6.475397475169675e-17,6.475397475169675e-17,6.475397475169675e-17,9.250955036732567e-17,-1.8512752095189988e-17,-6.014611551863336e-17,-4.62683277108189e-17,-6.014611551863336e-17,-6.188083899461017e-17,-6.188083899461017e-17,-5.068645156369733e-18,-3.2065279251258794e-17,-4.756937031780151e-17,-3.7161029461940664e-17,-3.599551212651875e-17
0.24,-1.0877258295460823e-16,-5.3261431723350405e-17,-5.3261431723350405e-17,-2.5505856107721492e-17,4.388308293135079e-17,-4.632253781944318e-17,-4.632253781944318e-17,-2.8975303059675106e-17,-5.3261431723350405e-17,-4.5455176081454773e-17,8.321251673826247e-18,-3.287843088062292e-17,-4.447939412621782e-17,-3.8624702394796095e-17,-4.025100565352435e-17
0.25,-7.670730370334944e-18,-6.318188160159277e-17,-6.318188160159277e-17,4.7840420860922883e-17,-3.542630598596386e-17,-3.542630598596386e-17,-8.052911636136084e-17,-4.9304093793778314e-17,-5.4508264221708735e-17,-5.884507291165075e-17,-5.936006894358137e-18,-3.802839119992907e-17,-4.897883314203266e-17,-4.106415728288848e-17,-4.1714678586379783e-17
0.26,-2.00712927181379e-16,-2.00712927181379e-16,-2.00712927181379e-16,-1.4520177595012118e-16,-6.193504910323444e-17,-5.499615519932721e-17,-2.72405795836983e-17,-5.846560215128083e-17,-4.458781434346637e-17,-4.5455176081454773e-17,2.2497195079074217e-18,-3.8516282177547545e-17,-4.7840420860922883e-17,-3.99257450017787e-17,-4.1823098803628334e-17
0.27,-1.6363321288237476e-16,-1.0812206165111693e-16,-1.0812206165111693e-16,-5.26109104198591e-17,2.9002408113987244e-18,-3.8733122612044646e-17,-2.1385887852276575e-17,-8.036648603548802e-17,-3.3528952184114225e-17,-4.220256956399826e-17,-4.9060148304969076e-18,-3.764892043955914e-17,-5.0984607161130846e-17,-4.2582040324368187e-17,-4.534675586420622e-17
0.28,-2.72405795836983e-17,2.827057164755953e-17,2.827057164755953e-17,-1.6601845766184287e-16,-2.72405795836983e-17,-8.275173081495613e-17,-4.1118367391512756e-17,-6.887394300714167e-17,-5.3261431723350405e-17,-5.15267082473736e-17,8.321251673826247e-18,-3.699839913606784e-17,-4.8599362381662736e-17,-4.2256779672622535e-17,-4.344940206235659e-17
0.29,-2.229932818259561e-16,5.456247433033301e-17,5.456247433033301e-17,-5.645982813218264e-17,-2.870425251655373e-17,-2.870425251655373e-17,-3.564314642046096e-17,-4.60514872763218e-17,-5.992927508413626e-17,-5.732718987017105e-17,-4.851804721872632e-18,-3.4775784682472555e-17,-5.038829596626382e-17,-4.2473620107119636e-17,-4.6214117602194626e-17
0.3,-2.389581588158052e-16,-1.691355389077387e-17,-7.24247051220317e-17,-1.691355389077387e-17,-4.466912950640278e-17,-7.24247051220317e-17,-5.160802341031001e-17,-5.5077470362263625e-17,-4.119968255444917e-17,-4.2934406030425976e-17,1.3010426069826053e-18,-3.491130995403324e-17,-5.377642775528102e-17,-4.412702842016003e-17,-4.537386091851836e-17
0.31,-1.1042599126764863e-16,5.963111948670274e-19,5.963111948670274e-19,-1.1042599126764863e-16,-2.7159264420761886e-17,-5.49148400363908e-17,-7.573152174811248e-17,-2.0220370516854658e-17,-4.103705222857634e-17,-4.450649918052996e-17,-3.3068166260807885e-18,-3.973600962159374e-17,-5.1662233518934286e-17,-4.33138767907959e-17,-4.632253781944318e-17
0.32,-3.9698062545556745e-16,-1.1942486929927831e-16,-8.40256683676266e-18,-9.16692936836494e-17,-6.391371806802049e-17,-7.779150587583494e-17,-1.5341460740669888e-17,-4.6566483308252415e-17,-3.962758940434519e-17,-4.830120678422922e-17,-2.3310346708438345e-18,-3.594130201789447e-17,-5.1553813301685736e-17,-4.591596200476111e-17,-4.938540895671473e-17
0.33,2.802662615875029e-17,1.3904892862126594e-16,1.3904892862126594e-16,-2.7484525072507537e-17,-2.7484525072507537e-17,-1.360673726469308e-17,-3.198396408832238e-18,-3.095397202446115e-17,-2.054563116860031e-17,-3.615814245239157e-17,-4.065758146820642e-18,-2.9219248548484344e-17,-4.6783323742749516e-17,-4.4289658746032856e-17,-4.721700461174372e-17
0.34,-1.2495430037895439e-16,-1.3931997916438732e-17,9.709030454607692e-17,-1.3931997916438732e-17,-1.3931997916438732e-17,-1.041376186672327e-16,-4.8626467435974874e-17,-6.597370219574294e-17,-4.515702048402126e-17,-5.730008481585891e-17,-2.656295322589486e-18,-3.04118709382184e-17,-5.079487178094588e-17,-4.6891743959998067e-17,-5.0523821237824507e-17
0.35000000000000003,-1.0516761073109393e-17,4.4994390158148434e-17,-1.0516761073109393e-17,-2.325613659981407e-16,-1.0766127572781059e-16,-7.296680620827445e-17,-3.8272336688738307e-17,-3.133344278483108e-17,-5.908901840045999e-17,-5.648693318649478e-17,-6.179952383167375e-18,-3.74049749507499e-17,-5.952269926945419e-17,-4.96564594998361e-17,-5.5077470362263625e-17
0.36,-1.7694179454963432e-16,-1.214306433183765e-16,-1.214306433183765e-16,-3.8163916471489756e-17,4.5102810375396984e-17,2.42861286636753e-17,-5.204170427930421e-17,-3.8163916471489756e-17,-6.938893903907228e-17,-4.9439619065339e-17,-3.903127820947816e-18,-3.859759734048396e-17,-6.049848122469115e-17,-5.431852884152377e-17,-5.589062199162775e-17
0.37,-1.8106176280507924e-17,-1.846396299742814e-16,-1.2912847874302358e-16,3.74049749507499e-17,-1.2912847874302358e-16,-7.361732751176575e-17,-8.055622141567298e-17,-1.463672932855431e-17,-3.892285799222961e-17,-3.71881345162528e-17,5.312590645178972e-18,-3.155028321932818e-17,-5.561957144850638e-17,-4.846383711010205e-17,-5.252959525692269e-17
0.38,-1.2029223103726672e-16,-6.478107980600889e-17,-6.478107980600889e-17,-9.269928574751063e-18,4.6241222656506764e-17,-3.7025504190379976e-17,-7.865886761382335e-17,-5.784218590210166e-17,-3.355605723842636e-17,-4.3964398094287205e-17,2.108773225484306e-17,-2.0111950299606107e-17,-4.765068548073792e-17,-4.3639137442541553e-17,-4.694595406862234e-17
0.39,5.198749417067994e-17,5.198749417067994e-17,-1.7005711075435137e-16,-5.903480829183572e-17,-8.679038390746463e-17,-5.209591438792849e-17,-4.515702048402126e-17,-2.4340338772299575e-17,-4.8626467435974874e-17,-2.2605615296322767e-17,2.4231918555051024e-17,-2.1521413123837263e-17,-4.6241222656506764e-17,-4.1253892663073444e-17,-4.797594613248357e-17
0.4,-6.797947621484113e-17,4.3042826247674526e-17,4.3042826247674526e-17,-6.797947621484113e-17,-5.410168840702667e-17,1.5287250632045613e-17,-2.6346112791397758e-17,-7.491837011874836e-17,-3.3285006695304986e-17,-4.0223900599212215e-17,9.215718466126788e-18,-2.5912431922403556e-17,-5.4969050145015075e-17,-4.7379634937616544e-17,-5.128276275856436e-17
0.41000000000000003,-3.252606517456513e-17,2.2985086056692694e-17,2.2985086056692694e-17,-1.1579279202145187e-16,2.2985086056692694e-17,-1.8648277366750676e-17,-3.252606517456513e-17,-5.681219383824043e-17,-2.211772431870429e-17,-3.426078865054194e-17,1.3444106938820255e-17,-2.47198095326695e-17,-5.095750210681871e-17,-4.380176776841438e-17,-5.1120132432691534e-17
0.42,-5.784218590210166e-17,5.318011656041399e-17,5.318011656041399e-17,-8.559776151773058e-17,-8.559776151773058e-17,-4.3964398094287205e-17,-5.784218590210166e-17,-7.171997370991612e-17,-4.3964398094287205e-17,-5.784218590210166e-17,1.2414114874959026e-17,-2.336455681706262e-17,-4.981908982570893e-17,-4.9060148304969076e-17,-5.242117503967414e-17
0.43,-7.426784881525705e-18,1.0359551758098995e-16,1.0359551758098995e-16,4.808436634973212e-17,-6.293793611278353e-17,-2.1304572689340162e-17,6.451002926288751e-18,-4.9060148304969076e-17,-4.212125440106185e-17,-5.946848916082992e-17,1.555830117516699e-17,-2.6291902682773483e-17,-5.55653613398821e-17,-4.971066960846038e-17,-5.307169634316544e-17
0.44,-7.746624522408929e-17,3.355605723842636e-17,8.906720846968419e-17,5.800481622797449e-18,-2.1955093992831465e-17,-4.971066960846038e-17,-6.358845741627484e-17,-5.664956351236761e-17,-7.052735132018206e-17,-4.450649918052996e-17,1.5341460740669888e-17,-3.4098158324669114e-17,-6.380529785077194e-17,-5.44811591673966e-17,-5.827586677109586e-17
0.45,-1.9792110658722883e-16,-8.689880412471318e-17,2.4123498337802474e-17,-8.689880412471318e-17,-1.0077659193252764e-16,-5.914322850908427e-17,-8.689880412471318e-17,-6.60821224129915e-17,-9.730714498057402e-17,-4.526544070126981e-17,1.2847795743953228e-17,-3.745918505937418e-17,-6.69494841509799e-17,-5.990217002982412e-17,-5.957690937807847e-17
0.46,4.298861613905025e-17,1.540109186015659e-16,1.540109186015659e-16,-6.80336863234654e-17,-9.578926193909432e-17,-2.6400322900022033e-17,-5.4155898515650946e-17,-3.333921680392926e-17,-4.3747557659790104e-17,-4.548228113576691e-17,1.6967763999398144e-17,-3.4206578541917665e-17,-6.217899459204368e-17,-5.5348520905385e-17,-5.654114329511906e-17
0.47000000000000003,-5.106592232406726e-17,-1.0657707355532509e-16,-1.6208822478658291e-16,1.1546753136970622e-16,-6.494371013188172e-17,1.8323016715005025e-17,-7.882149793969617e-17,-9.269928574751063e-17,-3.0249240612345574e-17,-4.412702842016003e-17,1.8323016715005025e-17,-2.981555974335137e-17,-5.843849709696869e-17,-5.648693318649478e-17,-5.702903427273753e-17
0.48,2.64924800846833e-16,-1.791644090032296e-16,-1.791644090032296e-16,-6.814210654071395e-17,5.675798372961616e-17,-8.201989434852841e-17,-8.201989434852841e-17,-1.1671436386806455e-16,-7.508100044462118e-17,-5.42643187328995e-17,2.1141942363467336e-18,-3.778444571111983e-17,-6.597370219574294e-17,-5.968532959532702e-17,-6.011901046432122e-17
0.49,-2.9219248548484344e-17,8.180305391403131e-17,-2.9219248548484344e-17,-1.463672932855431e-18,-1.463672932855431e-18,-5.697482416411326e-17,-1.5341460740669888e-17,-5.697482416411326e-17,-6.044427111606687e-17,-3.268869550043796e-17,7.209944447028604e-18,-4.700016417724662e-17,-7.258733544790452e-17,-6.001059024707267e-17,-6.337161698177773e-17
0.5,6.364266752489911e-17,-4.7379634937616544e-17,-4.7379634937616544e-17,-1.0289078616887437e-16,-7.513521055324546e-17,8.131516293641283e-18,-8.901299836105991e-17,-9.595189226496714e-17,-9.942133921692076e-17,-5.431852884152377e-17,1.1926223897340549e-18,-5.084908188957016e-17,-7.556889142223966e-17,-6.635317295611287e-17,-6.819631664933823e-17
0.51,-6.624475273886432e-17,-1.0733601507606494e-17,-1.0733601507606494e-17,-1.0733601507606494e-17,-9.400032835449323e-17,-2.461138931542095e-17,-6.624475273886432e-17,-6.277530578691071e-17,-1.0787811616230769e-16,-4.5428071027142636e-17,4.87890977618477e-18,-4.9764879717084654e-17,-7.470152968425126e-17,-6.862999751833243e-17,-7.074419175467916e-17
0.52,-1.0934178909516312e-16,1.6805133673525319e-18,5.719166459861036e-17,-8.158621347953421e-17,-1.0934178909516312e-16,-1.0934178909516312e-16,-1.2321957690297758e-16,-8.852510738344144e-17,-8.852510738344144e-17,-6.770842567171975e-17,-9.595189226496714e-18,-5.730008481585891e-17,-8.462197956249362e-17,-7.388837805488713e-17,-7.334627696864437e-17
0.53,-9.259086553026208e-17,-3.707971429900425e-17,-9.259086553026208e-17,-1.20346441145891e-16,-3.707971429900425e-17,-9.259086553026208e-17,-1.481020167615199e-16,-8.912141857830846e-17,-1.0993810029003015e-16,-6.483528991463317e-17,-1.5395670849294163e-17,-7.39425881635114e-17,-9.540979117872439e-17,-8.196568423990414e-17,-8.05020113070487e-17
0.54,1.485356976305141e-17,-9.616873269946424e-17,1.485356976305141e-17,-2.071910351619799e-16,-1.2902005852577503e-17,-2.677979366039196e-17,-8.229094489164979e-17,-7.535205098774256e-17,-7.535205098774256e-17,-7.188260403578894e-17,-1.1167282376600696e-17,-6.320898665590491e-17,-8.792879618857441e-17,-8.250778532614689e-17,-7.546047120499111e-17
0.55,-1.518425142565949e-16,-1.518425142565949e-16,-1.518425142565949e-16,1.4690939437178585e-17,-8.245357521752261e-17,-1.3796472644878044e-16,-4.082021179407924e-17,-7.551468131361538e-17,-6.857578740970816e-17,-6.337161698177773e-17,-6.1257422745431e-18,-4.6891743959998067e-17,-7.92009687000661e-17,-7.161155349266757e-17,-7.025630077706069e-17
0.56,1.0733601507606494e-17,-1.0028870095490916e-16,-1.5579985218616699e-16,-1.2804427657053807e-16,-7.253312533928025e-17,-5.865533753146579e-17,-3.0899761915836876e-17,-5.171644362755856e-17,-5.865533753146579e-17,-4.130810277169772e-17,-4.0115480381963664e-18,-4.087442190270352e-17,-6.429318882839041e-17,-5.800481622797449e-17,-5.881796785733862e-17
0.5700000000000001,5.767955557622884e-17,-1.0885389811754465e-16,-1.0885389811754465e-16,2.168404344971009e-18,-8.109832250191573e-17,-1.1709383462843448e-17,-3.946495907847236e-17,-5.334274688628682e-17,-4.640385298237959e-17,-4.9873299934333204e-17,9.974659986866641e-18,-3.7730235602495554e-17,-6.678685382510707e-17,-6.114900252818245e-17,-6.136584296267955e-17
0.58,-2.4665599424045226e-17,1.4186785426972826e-16,8.635670303847043e-17,8.635670303847043e-17,-1.3568790188656088e-16,-3.854338723185968e-17,-8.017675065530305e-17,-3.854338723185968e-17,-9.752398541507112e-17,-6.62989628474886e-17,3.0899761915836876e-18,-4.6349642873755315e-17,-7.171997370991612e-17,-6.65158032819857e-17,-6.516055056637882e-17
0.59,1.382899871005261e-16,2.7267684638010437e-17,-8.375461782450522e-17,2.7267684638010437e-17,-5.59990422088763e-17,-1.253879812479486e-16,-8.375461782450522e-17,-9.763240563231967e-17,-5.252959525692269e-17,-5.59990422088763e-17,1.2468324983583301e-18,-5.079487178094588e-17,-7.052735132018206e-17,-6.705790436822845e-17,-6.440160904563896e-17
0.6,-2.9652929417478546e-17,2.585822181377928e-17,-2.9652929417478546e-17,-2.9652929417478546e-17,-5.740850503310746e-17,-5.740850503310746e-17,-1.1291965626436529e-16,-4.3530717225293e-17,-5.740850503310746e-17,-4.3530717225293e-17,-7.968885967768458e-18,-4.569912157026401e-17,-7.215365457891032e-17,-6.413055850251759e-17,-5.805902633659876e-17
0.61,9.259086553026208e-17,1.481020167615199e-16,1.481020167615199e-16,9.259086553026208e-17,-1.8431436932253575e-17,-8.782037597132586e-17,-3.230922474006803e-17,-8.782037597132586e-17,-6.700369425960417e-17,-5.833007687972014e-17,6.505213034913027e-19,-4.87890977618477e-17,-7.524363077049401e-17,-6.548581121812447e-17,-6.028164079019405e-17
0.62,5.616167253474913e-17,6.505213034913027e-19,-1.1037178115902435e-16,-8.261620554339544e-17,2.8406096919120216e-17,-1.3227266504323154e-17,-5.4860629927766524e-17,-5.4860629927766524e-17,-6.873841773558098e-17,-5.139118297581291e-17,-1.951563910473908e-18,-5.572799166575493e-17,-8.370040771588094e-17,-7.32920668600201e-17,-6.678685382510707e-17
0.63,-1.2544219135657286e-16,-6.993104012531504e-17,-6.993104012531504e-17,-1.2544219135657286e-16,-1.809533425878307e-16,-1.441988889405721e-17,-1.2544219135657286e-16,-2.8297676701871666e-17,-5.605325231750058e-17,-6.646159317336142e-17,6.396792817664476e-18,-5.865533753146579e-17,-8.402566836762659e-17,-7.37257477290143e-17,-6.765421556309548e-17
0.64,-1.2544219135657286e-16,-6.993104012531504e-17,-1.441988889405721e-17,-1.441988889405721e-17,1.3335686721571705e-17,-6.993104012531504e-17,-4.911435841359335e-17,-5.2583805365546965e-17,-1.7889335846010823e-17,-3.870601755773251e-17,9.86623976961809e-18,-3.957337929572091e-17,-6.559423143537302e-17,-5.887217796596289e-17,-5.5077470362263625e-17
0.65,-9.475926987523309e-17,-1.5027042110649091e-16,-1.5027042110649091e-16,-1.5027042110649091e-16,-9.475926987523309e-17,-5.312590645178972e-17,-5.312590645178972e-17,-7.39425881635114e-17,-8.782037597132586e-17,-4.2717565595928875e-17,1.2793585635328952e-17,-3.1008182133085427e-17,-6.266688556966216e-17,-6.570265165262157e-17,-5.876375774871434e-17
0.66,8.565197162635485e-17,-1.3639263329867646e-16,-1.9190378452993428e-16,-2.5370330836160804e-17,-9.475926987523309e-17,-5.312590645178972e-17,-2.5370330836160804e-17,-3.924811864397526e-17,-7.39425881635114e-17,-7.047314121155779e-17,1.6263032587282567e-17,-4.2717565595928875e-17,-6.873841773558098e-17,-6.635317295611287e-17,-6.331740687315346e-17
0.67,2.710505431213761e-18,-1.0831179703130189e-16,-1.0831179703130189e-16,-5.2800645800044066e-17,-1.2218958483911635e-16,-8.055622141567298e-17,-1.8106176280507924e-17,-5.97395397039513e-17,-4.2392304944183223e-17,-3.892285799222961e-17,1.485356976305141e-17,-3.71881345162528e-17,-6.277530578691071e-17,-6.407634839389331e-17,-6.136584296267955e-17
0.68,-9.80118763926896e-17,-4.2500725161431774e-17,-4.2500725161431774e-17,-1.5352302762394743e-16,-7.025630077706069e-17,-7.025630077706069e-17,-7.719519468096792e-17,-9.107298248878237e-17,-5.2909066017292616e-17,-6.678685382510707e-17,1.474514954580286e-17,-3.382710778154774e-17,-6.353424730765056e-17,-6.375108774214766e-17,-6.266688556966216e-17
0.6900000000000001,-2.6422006943471743e-16,-2.6422006943471743e-16,-2.087089182034596e-16,-4.217546450968612e-17,-2.8297676701871666e-17,-1.2544219135657286e-16,-1.0462550964485118e-16,-4.217546450968612e-17,-7.340048707726865e-17,-5.605325231750058e-17,1.4203048459560108e-17,-3.957337929572091e-17,-6.602791230436722e-17,-6.537739100087592e-17,-6.299214622140781e-17
0.7000000000000001,-1.5569143196891844e-16,-4.466912950640278e-17,-4.466912950640278e-17,6.635317295611287e-17,-1.5569143196891844e-16,-5.854691731421724e-17,-1.0018028073766061e-16,-9.324138683375338e-17,-7.936359902593892e-17,-7.24247051220317e-17,9.974659986866641e-18,-4.2934406030425976e-17,-7.719519468096792e-17,-7.28583859910259e-17,-7.296680620827445e-17
0.71,-1.0885389811754465e-16,-3.3089850304257595e-16,-2.7538735181131813e-16,-1.0885389811754465e-16,-2.5587171270657905e-17,2.168404344971009e-18,-9.497611030973019e-17,-8.109832250191573e-17,-7.41594285980085e-17,-6.722053469410127e-17,4.336808689942018e-19,-5.204170427930421e-17,-8.803721640582296e-17,-7.697835424647081e-17,-7.383416794626285e-17
0.72,-2.4492127076447545e-16,-2.4492127076447545e-16,-2.4492127076447545e-16,3.2634485391813683e-17,-1.0614339268633088e-16,-7.838781707070197e-17,-7.838781707070197e-17,-1.2349062744609896e-16,-8.879615792656281e-17,-7.491837011874836e-17,6.613633252161577e-18,-5.063224145507306e-17,-8.142358315366138e-17,-8.055622141567298e-17,-7.448468924975415e-17
0.73,8.304988641238964e-17,8.304988641238964e-17,1.940721888749053e-16,-2.7972416050126014e-17,-1.1123914289701275e-16,-2.7972416050126014e-17,-2.7972416050126014e-17,-9.73613550891983e-17,-5.919743861770854e-17,-5.2258544713801314e-17,8.456776945386935e-18,-4.098284211995207e-17,-7.047314121155779e-17,-7.188260403578894e-17,-6.657001339060997e-17
0.74,4.7921736023859296e-17,-7.589415207398531e-18,-1.74122868901172e-16,-1.1861171766991419e-16,-6.310056643865636e-17,-2.1467203015212988e-17,2.0166160408230382e-17,-4.228388472693467e-17,-5.616167253474913e-17,-5.963111948670274e-17,8.023096076392733e-18,-3.707971429900425e-17,-7.43762690325056e-17,-6.938893903907228e-17,-6.917209860457518e-17
0.75,-8.608565249534905e-17,-3.0574501264091225e-17,-3.0574501264091225e-17,-3.0574501264091225e-17,-3.0574501264091225e-17,-1.1384122811097797e-16,-7.22078646875346e-17,-6.873841773558098e-17,-9.302454639925628e-17,-5.4860629927766524e-17,4.119968255444917e-18,-5.4860629927766524e-17,-8.782037597132586e-17,-8.348356728138384e-17,-8.077306185017008e-17
0.76,5.681219383824043e-17,-2.7625471354930653e-16,-2.7625471354930653e-16,-5.421010862427522e-17,-9.584347204771859e-17,-9.584347204771859e-17,-1.235990476633475e-16,-1.0278236595162582e-16,-9.237402509576498e-17,-4.90059381963448e-17,1.3010426069826053e-18,-5.681219383824043e-17,-8.977193988179977e-17,-9.085614205428527e-17,-8.359198749863239e-17
0.77,-3.2526065174565133e-19,-1.6685871434551913e-16,-1.113475631142613e-16,-2.8080836267374565e-17,-1.6685871434551913e-16,-1.3910313872989022e-16,-1.113475631142613e-16,-9.053088140253962e-17,-9.053088140253962e-17,-6.624475273886432e-17,-3.2526065174565133e-19,-4.889751797909625e-17,-8.792879618857441e-17,-8.44593492366208e-17,-7.817097663620487e-17
0.78,4.466912950640278e-17,-6.635317295611287e-17,-6.635317295611287e-17,-1.0842021724855044e-17,-1.0842021724855044e-17,-9.410874857174178e-17,-6.635317295611287e-17,-9.410874857174178e-17,-8.716985466783456e-17,-5.941427905220564e-17,3.0357660829594124e-18,-4.119968255444917e-17,-7.806255641895632e-17,-8.153200337090993e-17,-8.164042358815848e-17
0.79,3.3068166260807885e-17,3.3068166260807885e-17,3.3068166260807885e-17,-5.0198560586078855e-17,-1.0570971181733668e-16,-2.2442984970449942e-17,-7.795413620170777e-17,-6.407634839389331e-17,-1.1958749962515114e-16,-7.274996577377735e-17,-1.6263032587282567e-18,-4.586175189613684e-17,-7.968885967768458e-17,-8.315830662963819e-17,-8.109832250191573e-17
0.8,8.153200337090993e-17,1.3704315460216776e-16,8.153200337090993e-17,-8.500145032286355e-17,-1.1275702593849246e-16,-5.724587470723463e-17,-1.474514954580286e-16,-5.0306980803327406e-17,-7.806255641895632e-17,-7.806255641895632e-17,-1.214306433183765e-17,-4.380176776841438e-17,-8.109832250191573e-17,-8.500145032286355e-17,-8.164042358815848e-17
0.81,-1.6116665293997023e-16,-5.014435047745458e-17,-5.014435047745458e-17,5.366800753803247e-18,-2.2388774861825667e-17,-7.789992609308349e-17,-3.6266562669640123e-17,-7.096103218917627e-17,-4.320545657354735e-17,-5.708324438136181e-17,4.4994390158148434e-18,-4.233809483555895e-17,-7.681572392059799e-17,-7.8984128265569e-17,-8.00683304380545e-17
0.8200000000000001,-2.410723530521519e-16,-1.9027748127120603e-17,-1.9027748127120603e-17,-1.3005005058963626e-16,-1.9943898962870854e-16,-6.066111155056397e-17,-8.147779326228566e-17,-8.841668716619289e-17,-6.066111155056397e-17,-3.290553593493506e-17,1.7401444868392346e-17,-4.33138767907959e-17,-6.933472893044801e-17,-7.475573979287553e-17,-7.692414413784654e-17
0.8300000000000001,-6.564844154399729e-17,4.537386091851836e-17,-1.0137290312739466e-17,-9.340401715962621e-17,-1.2115959277525512e-16,-1.3503738058306958e-16,-9.340401715962621e-17,-1.0034291106353344e-16,-9.340401715962621e-17,-6.044427111606687e-17,1.4148838350935833e-17,-4.22296746183104e-17,-7.388837805488713e-17,-8.02851708725516e-17,-8.09356921760429e-17
0.84,1.9678269430611905e-17,1.3070057189312756e-16,1.3070057189312756e-16,1.0294499627749865e-16,-6.358845741627484e-17,-3.583288180064592e-17,-7.746624522408929e-17,-7.746624522408929e-17,-9.828292693581098e-17,-6.358845741627484e-17,1.2739375526704677e-17,-4.537386091851836e-17,-8.00683304380545e-17,-8.722406477645883e-17,-8.646512325571898e-17
0.85,-1.5596248251203981e-16,-1.5596248251203981e-16,-2.6698478497455547e-16,-1.5596248251203981e-16,-1.4208469470422536e-16,-8.657354347296753e-17,-7.269575566515307e-17,-7.269575566515307e-17,-7.96346495690603e-17,-5.187907395343139e-17,1.0570971181733668e-17,-4.320545657354735e-17,-8.09356921760429e-17,-8.527250086598492e-17,-8.603144238672478e-17
0.86,2.3749448588294975e-16,7.096103218917627e-17,7.096103218917627e-17,-9.557242150459722e-17,-6.78168458889683e-17,-9.557242150459722e-17,-4.700016417724662e-17,-4.006127027333939e-17,-6.434739893701469e-17,-7.128629284092192e-17,1.111307226797642e-17,-4.3530717225293e-17,-7.518942066186973e-17,-7.735782500684074e-17,-7.844202717932625e-17
0.87,1.1064283170214573e-16,-1.1140177322288558e-16,-3.7947076036992655e-19,-2.813504637599884e-17,-1.1140177322288558e-16,-1.391573488385145e-16,-4.2012834183813297e-17,-3.507394027990607e-17,-6.976840979944221e-17,-4.8951728087720525e-17,2.2171934427328566e-17,-4.027811070783649e-17,-6.76000054544712e-17,-7.150313327541902e-17,-6.911788849595091e-17
0.88,-2.1228678537266177e-16,-2.1228678537266177e-16,-2.1228678537266177e-16,-2.1228678537266177e-16,-2.2616457318047622e-16,-4.119968255444917e-18,-3.187554387107383e-17,-5.963111948670274e-17,-9.77950359581925e-17,-5.616167253474913e-17,1.8431436932253575e-17,-4.96564594998361e-17,-8.261620554339544e-17,-8.771195575407731e-17,-8.61940727125976e-17
0.89,-1.0798653637955624e-16,3.0357660829594124e-18,5.854691731421724e-17,-5.2475385148298415e-17,-5.2475385148298415e-17,-1.3574211199518516e-16,-1.3574211199518516e-16,-1.0798653637955624e-16,-1.0104764247564901e-16,-7.676151381197371e-17,2.168404344971009e-18,-5.421010862427522e-17,-1.0581813203458523e-16,-1.0364972768961422e-16,-9.936712910829648e-17
0.9,-1.4501204056993622e-16,7.703256435509509e-17,7.703256435509509e-17,-6.174531372304948e-17,-1.4501204056993622e-16,-6.174531372304948e-17,-1.0337867714649285e-16,-7.562310153086393e-17,-6.86842076269567e-17,-6.521476067500309e-17,5.041540102057596e-18,-5.220433460517704e-17,-9.470505976660881e-17,-9.503032041835446e-17,-9.156087346640085e-17
0.91,-1.9737900550098608e-16,-8.635670303847043e-17,-3.08455518072126e-17,-1.6962342988535717e-16,-1.4186785426972826e-16,-1.4186785426972826e-16,-7.247891523065597e-17,-5.860112742284151e-17,-8.982614999042404e-17,-6.207057437479513e-17,1.0787811616230769e-17,-4.3855977877038654e-17,-8.830826694894434e-17,-9.546400128734867e-17,-8.830826694894434e-17
0.92,-1.618713843520858e-16,-1.618713843520858e-16,-5.084908188957016e-17,-1.0636023312082798e-16,-2.0350474777552918e-16,-9.215718466126788e-18,-9.248244531301353e-17,-1.1329912702473521e-16,-1.1329912702473521e-16,-7.513521055324546e-17,2.0599841277224584e-18,-5.605325231750058e-17,-9.898765834792655e-17,-9.486769009248164e-17,-9.085614205428527e-17
0.93,-4.672911363412524e-17,8.782037597132586e-18,8.782037597132586e-18,-4.672911363412524e-17,-1.8973538018496328e-17,-6.06069014419397e-17,1.8431436932253575e-18,-1.1611805267319752e-16,-9.183192400952223e-17,-4.846383711010205e-17,1.1384122811097797e-17,-5.0198560586078855e-17,-9.443400922348744e-17,-9.627715291671279e-17,-8.57603918436034e-17
0.9400000000000001,1.8832591736073212e-16,-1.4474099002681484e-16,-2.0025214125807267e-16,-3.371868756429919e-17,-2.280077168737016e-16,-3.371868756429919e-17,-8.229094489164979e-17,-1.0310762660337147e-16,-7.535205098774256e-17,-6.494371013188172e-17,1.8431436932253575e-18,-5.453536927602087e-17,-8.814563662307151e-17,-8.771195575407731e-17,-7.979727989493313e-17
0.9500000000000001,-1.929879867024198e-16,2.905661822261152e-17,-2.6454533008646308e-17,-5.421010862427522e-17,1.3010426069826053e-18,-4.0332320816460765e-17,-8.196568423990414e-17,-1.235990476633475e-16,-9.584347204771859e-17,-6.461844948013606e-17,1.5178830414797062e-17,-3.599551212651875e-17,-7.762887554996212e-17,-7.697835424647081e-17,-7.031051088568496e-17
0.96,-9.302454639925628e-17,-3.7513395167998453e-17,-9.302454639925628e-17,-1.485356976305141e-16,-1.207801220148852e-16,-7.914675859144182e-17,-4.445228907190568e-17,-9.302454639925628e-17,-4.445228907190568e-17,-5.4860629927766524e-17,2.3852447794681098e-18,-4.7488055154865094e-17,-8.608565249534905e-17,-8.413408858487514e-17,-7.616520261710669e-17
0.97,-2.878556767949014e-17,8.223673478302551e-17,-2.878556767949014e-17,-5.654114329511906e-17,1.2847795743953228e-17,-2.878556767949014e-17,-8.429671891074797e-17,-1.0511340062246965e-16,-1.1205229452637688e-16,-8.950088933867839e-17,-1.3173056395698879e-17,-5.046961112920023e-17,-8.950088933867839e-17,-8.776616586270158e-17,-8.391724815037804e-17
0.98,-2.780978572425319e-17,-2.780978572425319e-17,2.7701365507004638e-17,2.7701365507004638e-17,-1.2495430037895439e-16,-4.1687573532067645e-17,-4.1687573532067645e-17,-7.638204305160379e-17,-1.1107651257113993e-16,-5.730008481585891e-17,2.5478751053409354e-18,-4.342229700804445e-17,-8.722406477645883e-17,-9.112719259740665e-17,-8.51098705401121e-17
0.99,1.4137996329210978e-16,-8.066464163292153e-17,-1.3617579286417936e-16,-1.0842021724855044e-16,-5.2909066017292616e-17,-8.066464163292153e-17,-1.0842021724855044e-16,-8.760353553682876e-17,-9.107298248878237e-17,-6.678685382510707e-17,2.6020852139652106e-18,-3.642919299551295e-17,-7.806255641895632e-17,-7.654467337747661e-17,-7.269575566515307e-17
1.0,1.037039377982385e-16,-6.282951589553498e-17,-7.318364664277155e-18,7.594836218260959e-17,-6.282951589553498e-17,-9.05850915111639e-17,-1.3221845493460727e-16,-4.8951728087720525e-17,-9.05850915111639e-17,-3.854338723185968e-17,2.3906657903305373e-17,-2.986976985197565e-17,-6.456423937151179e-17,-7.302101631689872e-17,-6.049848122469115e-17
