t,mx_0,mx_1,mx_2,mx_3,mx_4,mx_5,mx_6,mx_7,mx_8,mx_9,mx_10,mx_11,mx_12,mx_13,mx_14
0.0,-1.0000000000000002,7.498798913308838e-33,7.498798913309387e-33,-1.0000000000000002,-1.0000000000000002,-1.0000000000000002,-1.0000000000000002,-1.0000000000000002,-1.0000000000000002,-1.0000000000000002,1.0000000000000002,-1.0000000000000002,-1.0000000000000002,-1.0000000000000002,-1.0000000000000002
0.01,-0.9998000159086883,4.796805815872979e-06,-4.839157428180041e-06,-0.9996000788674708,-0.9996000851889087,-0.9996000863473931,-0.9996000868319334,-0.9996000867147558,-0.9996000858384675,-0.9996000744668634,0.9996000637872383,-0.9996000736072043,-0.9996000833651465,-0.9996000826572142,-0.9998000209901667
0.02,-0.9992001915994303,1.892738394895648e-05,-1.962179376535589e-05,-0.9984011491866253,-0.9984012618451621,-0.998401281209675,-0.9984012892943191,-0.998401287339594,-0.9984012726916716,-0.9984010683448282,0.9984008752297776,-0.9984010535921233,-0.9984012313137212,-0.998401219451411,-0.9992002842646828
0.03,-0.9982009349569155,4.156918678772229e-05,-4.508964941410313e-05,-0.996405752819452,-0.9964063288484273,-0.996406427232745,-0.9964064682727297,-0.9964064583477051,-0.9964063838423038,-0.9964053382730401,0.9964043496085383,-0.9964052631684295,-0.9964061737454946,-0.9964061136592129,-0.9982014099834061
0.04,-0.9968029239837113,7.13662338545976e-05,-8.247953031830992e-05,-0.9936181150454559,-0.993619936860237,-0.9936202476191023,-0.993620377126309,-0.9936203457956526,-0.9936201101022024,-0.9936168032397568,0.9936136760119867,-0.9936165661032985,-0.9936194471088761,-0.9936192581364814,-0.9968044279041255
0.05,-0.9950071086600587,0.00010644335067128992,-0.00013351532019219804,-0.9900441356979716,-0.990048575420851,-0.9900493326152859,-0.9900496478175375,-0.9900495715283087,-0.9900489961609416,-0.9900409388454728,0.9900333199463568,-0.990040361674215,-0.990047382622601,-0.9900469246332033,-0.9950107763432791
0.06,-0.9928147026231867,0.0001444095181357424,-0.00020038360356381744,-0.985691358297153,-0.9857005375169653,-0.9857021033664911,-0.9857027543065432,-0.9857025966676223,-0.9857014041147223,-0.9856847498812018,0.9856690046453319,-0.9856835581166273,-0.9856980722194207,-0.9856971313312842,-0.9928222911935953
0.07,-0.990227182051439,0.00018238100700001934,-0.0002857184287440218,-0.9805689467780466,-0.9805858889000238,-0.9805887801651436,-0.9805899801733995,-0.9805896893649061,-0.9805874814767311,-0.9805567529239202,0.9805277083022103,-0.980554556456923,-0.9805813398472233,-0.9805796160670301,-0.990241199643828
0.08,-0.9872462813066899,0.00021700376529289065,-0.0003925787248332595,-0.9746876523325184,-0.9747164268810053,-0.9747213400380265,-0.9747233754753535,-0.9747228818064967,-0.9747191184058065,-0.9746669493734327,0.9746176530169866,-0.9746632249568435,-0.9747087025385355,-0.9747057997429471,-0.9872701104604386
0.09,-0.9838739797082748,0.0002444774429905913,-0.000524422960234853,-0.9680597611455467,-0.9681056201224012,-0.9681134552632547,-0.9681166944649235,-0.968115908089601,-0.9681098857364734,-0.9680267791342304,0.9679482736026968,-0.968020854300833,-0.9680933126524525,-0.9680887312507972,-0.9839119961404028
0.1,-0.9801124960731326,0.0002605858018722287,-0.0006850805995696696,-0.9606990510956797,-0.960768554840604,-0.9607804379741898,-0.9607853392549244,-0.9607841480719923,-0.9607749792154631,-0.9606490853965262,0.9605302029908176,-0.9606401241924669,-0.9607499070739587,-0.9607430395806349,-0.9801701804457168
0.11,-0.975964293143414,0.00026073203195718696,-0.0008787183443811246,-0.9526207607396862,-0.9527218904923007,-0.9527391938629006,-0.9527463124413135,-0.952744580210683,-0.9527311730872686,-0.9525480940113158,0.9523752786044972,-0.9525350848613794,-0.952694766510705,-0.952684896102403,-0.976048332993163
0.12,-0.9714320587092651,0.0002399699466663071,-0.0011098046644889756,-0.9438415167807569,-0.9439837759373637,-0.9440081366364649,-0.944018130497459,-0.9440156951495747,-0.9439967339108771,-0.9437393495631592,0.9434964988039986,-0.9437210951683379,-0.9439456349802133,-0.9439319376622605,-0.971550443895237
0.13,-0.9665186906218468,0.00019304134464944096,-0.001383075014244422,-0.9343792642313692,-0.9345737690514192,-0.9346071057992502,-0.9346207404552168,-0.934617412598551,-0.9345913378230969,-0.9342396529648312,0.9339079811005199,-0.934214762211499,-0.9345216429436802,-0.9345031932792432,-0.9666808025488114
0.14,-0.961227318079394,0.00011442166766300062,-0.0017034827691002953,-0.9242532545704204,-0.9245127983218214,-0.9245573250710509,-0.9245754768240039,-0.9245710385375417,-0.9245360296378207,-0.9240670726940833,0.923625022361444,-0.9240339559951344,-0.9244432744687515,-0.9244190545013748,-0.9614439981264377
0.15,-0.955561278811287,-1.6388479750447423e-06,-0.0020761641237685637,-0.9134839558332862,-0.9138230665013515,-0.9138813042976912,-0.9139049624282294,-0.9138991662278544,-0.9138531241856465,-0.9132408576537088,0.912664026477515,-0.9131977239901479,-0.9137322743172102,-0.9137011860667688,-0.9558448940037311
0.16,-0.9495240877007625,-0.0001610764007795118,-0.0025064004616915394,-0.9020929467504059,-0.9025279378886372,-0.9026027248417863,-0.9026329927123121,-0.9026255607093395,-0.9025660914460243,-0.9017813344489927,0.9010424156366034,-0.9017261901491329,-0.9024115388470373,-0.9023724200563672,-0.9498885938692719
0.17,-0.9431194299657457,-0.00036997055015093074,-0.0029995691989879386,-0.890102854713983,-0.8906518517097473,-0.8907463504559316,-0.8907844451790737,-0.8907750684169572,-0.8906994667978074,-0.8897098668356516,0.8887786289178863,-0.8896405176259474,-0.8905050343297705,-0.8904566790255801,-0.9435804185907399
0.18,-0.9363511485218231,-0.0006344979417377733,-0.0035611034208773845,-0.8775372775138379,-0.8782202336126146,-0.8783379366065893,-0.8783851875567503,-0.8783735255140127,-0.8782787603108079,-0.8770487836099972,0.8758920708775204,-0.8769628386468132,-0.8780377125576175,-0.8779788948636883,-0.936925887506078
0.19,-0.9292233094293935,-0.0009608670279579769,-0.0041964259879070836,-0.8644208303715636,-0.8652594996726258,-0.8654042288770152,-0.8654620743094442,-0.8654477547829402,-0.8653304594702473,-0.8638214635467555,0.8624032792165537,-0.8637163442326586,-0.8650355237575131,-0.8649650215229375,-0.9299307461352863
0.2,-0.9217401226194147,-0.0013552883436319149,-0.004910924261640192,-0.8507789559798165,-0.8517968787245438,-0.8519727854623309,-0.8520427685617507,-0.8520253875320372,-0.8518818490122639,-0.850052129601789,0.8483336953163325,-0.8499250782976214,-0.8515252397638086,-0.8514418632886072,-0.9226009030129992
0.21,-0.913905896544748,-0.0018239380126379838,-0.005709916906721364,-0.8366377887391685,-0.8378602788956547,-0.83807184222944,-0.8381556063512352,-0.8381347280078898,-0.8379608760612136,-0.8357657063802573,0.8337055189043793,-0.8356137957923707,-0.8375343233769975,-0.8374369464622502,-0.9149423896415365
0.22,-0.9057250959943842,-0.0023728946177509216,-0.006598581829193817,-0.8220242002108762,-0.8234782662567123,-0.8237302863284678,-0.8238295681937555,-0.8238047249884677,-0.823596125416889,-0.8209879304925227,0.8185419221718999,-0.8208080797711095,-0.8230909162154648,-0.822978511183497,-0.9069613665800023
0.23,-0.8972022888443645,-0.003008104550065003,-0.007581932533921333,-0.8069656481817515,-0.8086799288018278,-0.8089775197041691,-0.8090941421892974,-0.8090648348933182,-0.8088166825374554,-0.8057451802298123,0.802866855502738,-0.8055341704692588,-0.8082237039761229,-0.8080953787709907,-0.8986640858601452
0.24,-0.8883421593370306,-0.003735332384713266,-0.00866477794690892,-0.7914901273696474,-0.7934948264743401,-0.7938434046276343,-0.7939792686858541,-0.7939449669128332,-0.7936520859881446,-0.7900644192216725,0.7867050085120937,-0.7898189095673408,-0.792961872444491,-0.7928169015972876,-0.8900568998718636
0.25,-0.8791494973181335,-0.004560121500396752,-0.009851674275917398,-0.7756261009846239,-0.777952888222918,-0.7783581596660751,-0.7785152351065363,-0.7784753776008607,-0.7781322200750882,-0.773973161537138,0.7700818196198185,-0.7736897087687054,-0.777335008082045,-0.7771728718344975,-0.8811462281894007
0.26,-0.8696291531091821,-0.005487762918280464,-0.011146896637552242,-0.7594023719003316,-0.7620842786791004,-0.7625522251812807,-0.7627325408811483,-0.7626865358488863,-0.7622871804520591,-0.7574993439241701,0.7530233488195256,-0.7571744227808246,-0.7613729670304427,-0.7611933925142196,-0.8719385133376168
0.27,-0.8597861628657311,-0.006523214625650346,-0.012554366874437645,-0.7428482218217564,-0.7459194766538567,-0.7464563342320701,-0.7466619667887446,-0.7466091920761794,-0.7461473544190794,-0.740671521165397,0.7355565862473502,-0.7403015503215942,-0.7451059654870827,-0.74490896085709,-0.8624402895827348
0.28,-0.8496256577244042,-0.007671091053021095,-0.014077648148840731,-0.7259932043016025,-0.7294891004422998,-0.730101339400454,-0.7303344020803569,-0.7302742053832194,-0.7297432458430454,-0.7235186227029694,0.7177091475202598,-0.7230999879443083,-0.728564402749212,-0.7283502936825945,-0.8526581239788129
0.29,-0.8391527539702978,-0.008935660516696194,-0.015719949188241683,-0.7088669150265586,-0.7128237179692133,-0.7135180219784211,-0.7137806539452632,-0.7137123537699532,-0.7131052891121128,-0.7060696754532845,0.6995089252049165,-0.7055987492363661,-0.7117786711111074,-0.7115481311574514,-0.8425985439818535
0.3,-0.8283726569417322,-0.010320779030944336,-0.01748404977104248,-0.6914991115952368,-0.6959538742933181,-0.6967371175167517,-0.6970314716647846,-0.6969543569188721,-0.6962638697632569,-0.6883540214301364,0.6809844465625627,-0.6878271904305271,-0.694779189873262,-0.6945332822944212,-0.8322680663214066
0.31,-0.8172905836526874,-0.011829883588048401,-0.019372301309804937,-0.6739195404386028,-0.6789099421042599,-0.6797891676920612,-0.6801173989485704,-0.6800307284965001,-0.6792491751528188,-0.6704011186728561,0.6621646204339896,-0.6698148089816135,-0.6775962534623431,-0.6773364742799471,-0.8216731452764058
0.32,-0.8059118548617421,-0.01346593534760254,-0.021386591351352183,-0.6561580216044757,-0.6617222024142453,-0.6627045905534285,-0.6630688437347808,-0.6629718467623863,-0.6620912878161604,-0.6522406166769446,0.6430788432917689,-0.6515913191037316,-0.6602601249718808,-0.659988418336613,-0.8108202498123692
0.33,-0.7942418707900538,-0.015231408267357563,-0.023528324120726224,-0.6382443566666349,-0.644420744020278,-0.6455135829566099,-0.645915980660936,-0.6458078567099559,-0.6448200797968086,-0.6339022740516436,0.6237569212522905,-0.6331865693591449,-0.6428009317177972,-0.6425197169895664,-0.7997158345236246
0.34,-0.7822860117598563,-0.017128294646699096,-0.025798424521248385,-0.620208142051991,-0.6270352825825329,-0.6282459393355273,-0.6286885698799671,-0.628568489718022,-0.6274650326359361,-0.6154157619610746,0.6042288510231236,-0.6146303447298523,-0.6252484829448295,-0.6249606812812376,-0.7883662508316165
0.35000000000000003,-0.7700497722929095,-0.019158042212326438,-0.028197286626656628,-0.6020789166394045,-0.6095952506905189,-0.6109311408531377,-0.6114160465746639,-0.6112831501632033,-0.610055326175827,-0.5968108777845362,0.5845251202837306,-0.5959525850969193,-0.6076323655019162,-0.6073414273907756,-0.7767778284546505
0.36,-0.7575387236034306,-0.021321557505105386,-0.030724783098248484,-0.5838860521939179,-0.5921297207821179,-0.5935982789135268,-0.5941274452111064,-0.5939808402462975,-0.5926197641845916,-0.5781173981297598,0.5646765001232285,-0.5771832344398558,-0.5899818634613946,-0.5896917926980434,-0.7649568651552449
0.37,-0.7447584142783272,-0.023619213497218124,-0.03338028923818305,-0.5656586002269663,-0.5746672793024368,-0.5762759186954521,-0.5768512629404655,-0.5766900261606455,-0.5751866662853765,-0.5593648781173769,0.5447137892811753,-0.5583520369793015,-0.572325843535699,-0.5720411856814643,-0.75290955484686
0.38,-0.7317144545569764,-0.026050831463756124,-0.03616265129258621,-0.5474253392789539,-0.5572360477895884,-0.5589921298175743,-0.5596154911242841,-0.5594386673358857,-0.5577838745049299,-0.5405827406159722,0.5246679552219936,-0.5394886271298005,-0.5546927628131945,-0.5544186244415945,-0.7406420404835943
0.39,-0.718412443027091,-0.02861570116381346,-0.039070206866587805,-0.5292146368726661,-0.5398635650575612,-0.5417743696698374,-0.5424474990862655,-0.5422541017319661,-0.5404386356699529,-0.5218001146417842,0.5045699344099139,-0.5206223645552756,-0.5371105442838564,-0.5368526136199799,-0.7281603590729318
0.4,-0.7048580242643538,-0.03131253984735217,-0.042100774298399715,-0.5110545208389251,-0.5225768190954343,-0.5246495079530902,-0.5253740599159744,-0.5251630682188065,-0.5231776485544651,-0.5030459464686222,0.48445075610770477,-0.5017824496821938,-0.5196066281735351,-0.5193711639019442,-0.7154704748763614
0.41000000000000003,-0.6910569327383925,-0.034139501993139816,-0.04525165566568528,-0.4929726711457068,-0.5054022689746576,-0.5076438533300401,-0.5084213779644144,-0.5081917347466718,-0.5060270814190493,-0.4843489621284483,0.4643414753398162,-0.48299788158988677,-0.5022079816174942,-0.502001812750523,-0.7025783357996529
0.42,-0.6770148939869366,-0.03709420316790658,-0.04851965470052218,-0.47499628250407605,-0.48836570828696196,-0.49078301112619505,-0.491614945568692,-0.4913655594373425,-0.48901244034359187,-0.46573751476373404,0.44427304992445615,-0.464297302822815,-0.48494096046882906,-0.4847714763243492,-0.6894897690501024
0.43,-0.6627376630772754,-0.04017372092438674,-0.05190109342100191,-0.4571520694407991,-0.47149227606838373,-0.47409190017621844,-0.47497956242722644,-0.4747093058513791,-0.4721585810427744,-0.4472395977103569,0.4242762882417491,-0.4457090122809301,-0.4678313184282941,-0.4677064592980207,-0.6762105323751559
0.44,-0.6482310552941866,-0.04337460519885688,-0.055391825809682195,-0.4394662647316156,-0.45480647301837146,-0.4575947703068043,-0.45853935399814216,-0.4582470616848086,-0.4554897268804792,-0.42888282477975537,0.40438179836237376,-0.4272609427055045,-0.45090421850825907,-0.4508324642644212,-0.6627463535831458
0.45,-0.6335009266627523,-0.046692865155650076,-0.058987225580985236,-0.4219646077441812,-0.43833209533870965,-0.44131512682728685,-0.4423176950096548,-0.442002164010513,-0.4390294113520711,-0.4106944623699665,0.384620140027367,-0.40898069610407173,-0.4341841778388872,-0.4341745167067689,-0.6491028549902579
0.46,-0.6185532116251001,-0.050124002901226906,-0.06268222550952592,-0.4046723266256008,-0.42209228068246546,-0.42527578447730136,-0.42633726560065055,-0.42599725481772255,-0.4228005219551142,-0.3927013550895825,0.3650216263895136,-0.39089546271261705,-0.41769509875388156,-0.4177570042163897,-0.6352856410573415
0.47000000000000003,-0.6033939295094642,-0.05366303750157549,-0.06647134235879851,-0.3876141149897529,-0.406109509171745,-0.4094988691563958,-0.41062005367283017,-0.41025428495513844,-0.40682530257429894,-0.3749298767516154,0.3456162506817054,-0.37303196809713013,-0.40146026177896127,-0.4016036679784206,-0.6213003155127582
0.48,-0.5880290417338775,-0.05730454729408284,-0.07034872388338302,-0.3708139491196065,-0.3904053917104385,-0.39400561162095643,-0.39518715030475227,-0.39479430622720607,-0.3911251416690948,-0.35740578953217145,0.3264335134296962,-0.3554163358348215,-0.3855021151966473,-0.38573739478088687,-0.6071523400816
0.49,-0.5724645465355035,-0.06104268520473942,-0.07430816823511739,-0.35429516078613715,-0.37500078217893285,-0.3788164615633038,-0.38005886479955153,-0.3796375873777537,-0.375720686270035,-0.3401542764287997,0.30750239805752805,-0.3380741152974974,-0.3698423792449608,-0.3701803192446825,-0.5928471492904825
0.5,-0.5567066176736711,-0.06487110331189977,-0.07834305201700063,-0.33808065948172555,-0.3599159128904942,-0.3639511975981308,-0.36525483097584005,-0.36480372667865085,-0.360631998088711,-0.32320021615893973,0.2888519348815828,-0.3210305609956458,-0.3545022085117304,-0.3549539366156845,-0.578390164281779
0.51,-0.5407614070010919,-0.06878309884994438,-0.08244647686605339,-0.32219259638314407,-0.3451701825523836,-0.34942874538410557,-0.3507938307875564,-0.35031147023047704,-0.3458783230382251,-0.30656776227587257,0.2705104123843641,-0.3043102023151826,-0.3395019406774881,-0.3400788997013982,-0.5637867501581618
0.52,-0.524635076570988,-0.07277166747195978,-0.08661132269925673,-0.30665235246422473,-0.3307822072237799,-0.3352672366586876,-0.33669385491112297,-0.33617877327795137,-0.33147813759168093,-0.2902802761654954,0.25250519014466716,-0.28793677003747886,-0.3248611281818785,-0.32557506321012886,-0.5490422992791735
0.53,-0.5083338845894656,-0.0768293962811198,-0.09083013970299364,-0.2914807056454731,-0.3167697888726926,-0.3214839532568187,-0.32297204314746647,-0.32242274103607377,-0.3174491357600167,-0.2743606719969054,0.23486350530591435,-0.2719335585559027,-0.3105985521306312,-0.31146145037601863,-0.534162099044182
0.54,-0.49186412905171417,-0.08094856730793851,-0.09509525622541809,-0.2766977045073266,-0.3031499139973977,-0.30809534110207754,-0.3096447013279076,-0.30905964597208924,-0.3038082207275788,-0.258831179150156,0.2176119449173317,-0.25632317697907114,-0.2967321916169243,-0.2977562429799987,-0.5191514049435885
0.55,-0.4752322146558636,-0.08512119798963216,-0.09939882837808106,-0.26232274258342586,-0.2899389211214319,-0.2951171720599012,-0.2967274625210719,-0.2961050962125624,-0.2905716819346367,-0.24371330506843525,0.2007762709393179,-0.24112750072006425,-0.28327938158855925,-0.2844769208077479,-0.5040155784566369
0.56,-0.4584446205692858,-0.08933904538724927,-0.1037328301226694,-0.24837447287524664,-0.27715231667576845,-0.28256436932338064,-0.2842351137410999,-0.28357385526107937,-0.2777549994400215,-0.22902787582904877,0.18438165163003695,-0.22636772329831703,-0.2702566291189097,-0.2716401006124425,-0.48875995126726157
0.5700000000000001,-0.4415078286254369,-0.09359367151884024,-0.10808911811296394,-0.2348707175791163,-0.26480472389765686,-0.2704509635567357,-0.2721815532427618,-0.271479799616687,-0.2653727879864568,-0.21479491564652975,0.16845245540236936,-0.21206423231131946,-0.25767954667521165,-0.259261481133381,-0.4733897948090886
0.58,-0.42442840084274713,-0.09787642813540684,-0.11245943118531454,-0.22182858348805143,-0.2529099965803628,-0.2587901896685815,-0.2605798849707518,-0.2598360192905707,-0.2534389336118936,-0.20103373418613368,0.15301232744407975,-0.19823669587205103,-0.24556299246669025,-0.2473559342260463,-0.45791039592735583
0.59,-0.407212997927979,-0.10217851626886158,-0.11683544085980856,-0.20926440663307194,-0.2414812024929803,-0.24759448541696505,-0.2494424191714436,-0.24865481588192156,-0.2419665629239014,-0.18776285593601122,0.1380840466594672,-0.1849039894369176,-0.23392102909068443,-0.23593749521509338,-0.4423271011444935
0.6,-0.389868244024697,-0.10649104563063413,-0.12120880542968504,-0.1971936467471712,-0.23053053061324746,-0.23687540170217258,-0.23878058272093633,-0.23794761455684074,-0.23096794461101056,-0.17499990761720932,0.12368943833003272,-0.17208408095711658,-0.22276681480085722,-0.22501926516395745,-0.4266451886708555
0.61,-0.37240094112652167,-0.11080500000138399,-0.12557113389207009,-0.18563103526443198,-0.2200694083293092,-0.22664371743920647,-0.22860503359616785,-0.22772507735819913,-0.22045461223624702,-0.16276179728996837,0.10984965347624848,-0.15979421456337048,-0.21211273473222136,-0.21461352934786257,-0.4108700103398663
0.62,-0.3548180495478823,-0.11511128929982763,-0.12991403749718694,-0.1745905327315389,-0.21010849669841053,-0.2169094399002709,-0.2189256616417929,-0.21799710510626383,-0.2104373562773254,-0.15106463999178074,0.09658501448513436,-0.1480508330231955,-0.20197038426991062,-0.204731747932409,-0.3950070078275811
0.63,-0.3371264778398121,-0.11940081292473115,-0.13422920193140703,-0.16408518367832922,-0.20065756584633954,-0.20768167228451717,-0.20975145423406708,-0.20877270938093853,-0.20092611163181945,-0.13992357166386582,0.08391469973646656,-0.1368693883381874,-0.19235045664609596,-0.1953844177070737,-0.3790615741332887
0.64,-0.31933324679806424,-0.12366447031952155,-0.13850838477872973,-0.15412720520612994,-0.19172558927842462,-0.1989687203969808,-0.20109060452965014,-0.2000601166263205,-0.19193003689285748,-0.12935285943717384,0.07185694026350538,-0.12626445341438391,-0.18326281467001093,-0.18658117455679502,-0.36303916856962104
0.65,-0.30144532077941055,-0.12789321299035583,-0.14274346403849403,-0.14472789960179944,-0.18332065928361763,-0.190778011022758,-0.19295042990433195,-0.19186668721975425,-0.18345742219719163,-0.11936582064979993,0.06042899463852117,-0.11624964025444835,-0.17471638886171703,-0.1783307050298895,-0.346945149667388
0.66,-0.28346977254228733,-0.13207805325857142,-0.14692644820006115,-0.1358976771322679,-0.17545001500561724,-0.18311612023005633,-0.18533739928308088,-0.18419894381120885,-0.17551572937599189,-0.10997483082618038,0.049647010114462375,-0.1068376110515567,-0.16671923597524685,-0.1706407818511731,-0.3307849581506829
0.67,-0.2654138739191644,-0.13621009697299047,-0.15104950347768878,-0.12764609813373837,-0.1681201217766951,-0.175988860629222,-0.17825722102941197,-0.17706265892186507,-0.16811166197494698,-0.1011913430159264,0.03952601176534043,-0.09804009471303424,-0.1592785976692323,-0.16351834112241723,-0.31456421892643105
0.68,-0.24728480826480473,-0.14028055160024394,-0.15510496303542187,-0.11998180355132619,-0.16133656325597856,-0.1694011578890894,-0.17171471672297867,-0.1704627343161979,-0.16125106322832264,-0.09302584041234427,0.030080103539197097,-0.08986783831128403,-0.15240079217881522,-0.15696935452533234,-0.2982883976891484
0.6900000000000001,-0.22908984170413044,-0.14428077850648782,-0.1590853732796632,-0.11291251269960732,-0.15510408432559472,-0.16335711097249736,-0.165713883021238,-0.16440325951744464,-0.1549389507955428,-0.08548780953394743,0.021322210091209208,-0.08233058145832875,-0.14609125342961304,-0.15099888918796506,-0.2819630333781657
0.7000000000000001,-0.21083634684075384,-0.1482023237722558,-0.1629835206267517,-0.10644502048507011,-0.14942660518896866,-0.1578600110703228,-0.16025791056947303,-0.15888753082676682,-0.14917952629216744,-0.07858572829691876,0.013264035166096842,-0.07543704394947784,-0.1403545377696958,-0.14561112267470677,-0.2655937724358225
0.71,-0.19253172326005183,-0.15203689276906338,-0.16679240263307785,-0.10058519289319334,-0.14430716833726237,-0.15291227550717215,-0.15534911527902195,-0.15391798587299654,-0.14397613238579032,-0.07232709417450285,0.005916323837760717,-0.06919495632842612,-0.13519428983339082,-0.140809282006128,-0.2491861967193456
0.72,-0.17418348490203128,-0.15577640562435446,-0.17050528151805835,-0.09533797568690396,-0.1397480100774377,-0.148515532002028,-0.1509890237286444,-0.14949628837222997,-0.1393313143237179,-0.0667183869850507,-0.0007113753281297223,-0.06361101904353304,-0.13061329453893,-0.13659571756707437,-0.23274598939493013
0.73,-0.15579919466036726,-0.159413015966621,-0.17411570252271616,-0.09070740296507558,-0.13575058252699357,-0.14467063889237716,-0.147178392703275,-0.14562334949970013,-0.13524684008327315,-0.06176506537175087,-0.006610669091436298,-0.05869089674228564,-0.1266134892675588,-0.13297191629298727,-0.2162788703860885
0.74,-0.13738641214944178,-0.16293915303659293,-0.17761752514047519,-0.08669649676479038,-0.13231542738232588,-0.14137756882829067,-0.14391709327198732,-0.14229920858657838,-0.13172356874042437,-0.05747150508237317,-0.011774413708891826,-0.054439163468277006,-0.12319584784393828,-0.1299383960833514,-0.19979054055923337
0.75,-0.11895275332956473,-0.16634755182171698,-0.1810049510073079,-0.08330728677256138,-0.12944222829675034,-0.13863546798943485,-0.14120417032135268,-0.13952309247216002,-0.12876149664391973,-0.05384099508703112,-0.01619681395222132,-0.05085929694330693,-0.1203604219888568,-0.12749475880214475,-0.1832867784501496
0.76,-0.1005058985233997,-0.16963115034879933,-0.1842724233847092,-0.08054090835823471,-0.1271298575577042,-0.13644267077386635,-0.1390378521138924,-0.13729343378348538,-0.1263598324210101,-0.05087584361666578,-0.019872943193531615,-0.047953781407089044,-0.11810642747127548,-0.1256397083164968,-0.16677329336278351
0.77,-0.08205355442050724,-0.17278321806747293,-0.18741474725920565,-0.07839749559504804,-0.1253763324804696,-0.13479668882600268,-0.1374155434006089,-0.13560785664998082,-0.12451692460561539,-0.048577253990324705,-0.02279923526404292,-0.04572398555591712,-0.11643216270168018,-0.12437103276253345,-0.15025584400658648
0.78,-0.06360340535737222,-0.17579740738467398,-0.19042714108519046,-0.07687619696488791,-0.1241788731351569,-0.13369427964296457,-0.13633389540070306,-0.13446324502193027,-0.12323030464759466,-0.04694531702624663,-0.024973601563216468,-0.044170153126648064,-0.11533503628683288,-0.12368566227307812,-0.13374025957052513
0.79,-0.04516320166032517,-0.1786676443640388,-0.19330511864753763,-0.07597522684868098,-0.12353387005228013,-0.13313138735953808,-0.1357887418056754,-0.13385568409542511,-0.12249668445800099,-0.04597910742824756,-0.026394933573505176,-0.043291502234656026,-0.11481159578877381,-0.12357962706845708,-0.11723232130494073
0.8,-0.026740754410195723,-0.18138818998627373,-0.19604454723163248,-0.07569182856819,-0.12343688592837561,-0.13310315918577886,-0.13577511697882536,-0.13378047558423942,-0.12231194515151657,-0.04567662846993746,-0.02706336658216573,-0.04308616937560936,-0.1148575112663624,-0.12404806755823733,-0.10073784868496805
0.81,-0.008343824983067896,-0.18395366578243766,-0.19864167523106085,-0.07602228556614392,-0.12388268944142977,-0.13360398164567966,-0.13628729253138464,-0.13423217429355544,-0.12267116425973729,-0.04603480643783777,-0.026980322825720292,-0.04355120154426516,-0.11546759223646563,-0.1250852632045192,-0.08426263476409304
0.8200000000000001,0.010019742025916191,-0.1863590430068564,-0.2010931114442119,-0.07696194779930414,-0.12486527836328497,-0.13462750563618933,-0.13731880210283007,-0.1352046119996804,-0.12356864009675976,-0.04704952354052581,-0.026148422335745526,-0.04468259079762542,-0.11663582136441983,-0.12668466088537636,-0.06781252305767867
0.8300000000000001,0.028342075225149675,-0.18859965366138204,-0.2033958320462481,-0.07850523799495461,-0.1263778851529792,-0.1361666539315434,-0.1388624490677747,-0.1366909038909199,-0.12499789450045223,-0.048715630446629715,-0.024571436241886534,-0.04647528795756836,-0.11835535820883095,-0.12883888218016865,-0.051393341825193374
0.84,0.04661527208578393,-0.19067117487407237,-0.2055471639161274,-0.08064563839903939,-0.12841296163455537,-0.13821359936902314,-0.14091028346499188,-0.13868342763303934,-0.1269516664461622,-0.0510269201619061,-0.02225434856582539,-0.04892317303877379,-0.1206185420392547,-0.13153970288695196,-0.03501092196592296
0.85,0.06483135419321502,-0.19256965720865432,-0.20754480913007184,-0.08337569448310338,-0.13096220387079807,-0.14075979938594402,-0.14345363804238126,-0.14117385655456835,-0.1294219278642146,-0.05397612554776178,-0.019203470789506936,-0.052019052707843585,-0.12341690408865087,-0.1347780823614772,-0.018671186758947144
0.86,0.08298257595171811,-0.19429151471556544,-0.20938684026659668,-0.0866870511707919,-0.13401656216166924,-0.1437959994621953,-0.1464831317008249,-0.14415316206413467,-0.13239989153677353,-0.05755498207754525,-0.015426225570879986,-0.05575472516337687,-0.12674116883136977,-0.13854416684810694,-0.002379835028824804
0.87,0.10106106834016107,-0.19583353435149736,-0.2110716895024386,-0.09057047617785537,-0.13756628936633764,-0.1473122925659055,-0.1499887295031106,-0.14761167144408596,-0.13587605828907556,-0.06175423549895783,-0.010931189754037824,-0.060120988891303684,-0.13058131679700907,-0.14282735293025461,0.01385736092475624
0.88,0.11905885813598525,-0.19719289179657856,-0.21259816131470222,-0.09501588324678654,-0.14160097469507568,-0.1512981577517294,-0.1539597823307901,-0.1515391050947604,-0.1398402452056349,-0.06656366409087104,-0.00572809321313836,-0.06510766552161185,-0.13492661018178606,-0.14761632279213793,0.03003456404779479
0.89,0.13696800690443356,-0.19836707804423034,-0.2139653677991918,-0.10001227952215093,-0.14610946746223025,-0.1557423595325744,-0.15838492322994172,-0.15592447914098906,-0.14428153313358838,-0.07197200425174717,0.00017211656330562235,-0.07070351434075468,-0.13976555224642404,-0.15289894676152388,0.04614598319638618
0.9,0.1547805397798125,-0.19935396051771445,-0.21517277775908286,-0.10554781152854735,-0.15107993626467442,-0.16063302829329554,-0.16325215140779253,-0.16075618132163003,-0.14918830576936956,-0.07796702089860555,0.006757259584440999,-0.07689631088752001,-0.1450859225453126,-0.1586623606543244,0.06218577952909557
0.91,0.1724887559216619,-0.20015178200440886,-0.21622022479519515,-0.11160988461954752,-0.15649996785417664,-0.16595775916565497,-0.1685489328184367,-0.1660220674238691,-0.15454833702036694,-0.08453566448293474,0.01401420938431796,-0.0836730107527071,-0.15087484745828228,-0.16489306086951655,0.07814836743799741
0.92,0.19008481885755374,-0.2007591113051923,-0.21710783729017777,-0.11818509155616296,-0.16235652363630337,-0.17170355956497896,-0.17426214505218857,-0.17170941131970235,-0.16034877081421015,-0.09166393630002681,0.021928732835276583,-0.09101960233126066,-0.15711880992012944,-0.17157685995673294,0.09402809164724248
0.93,0.2075607762311053,-0.20117486970872142,-0.21783606053735133,-0.12525922579259216,-0.16863595297570286,-0.17785687060994088,-0.18037810083487685,-0.1778049238047379,-0.16657612642059497,-0.09933691539438788,0.030485432291416762,-0.0989211363858649,-0.16380365414340922,-0.17869890573781494,0.1098192040189163
0.9400000000000001,0.2249088844843824,-0.20139830176308532,-0.21840564054114509,-0.13281736802461944,-0.17532404679711477,-0.18440361289832652,-0.18688259463977397,-0.1842947971069455,-0.17321634922990617,-0.10753887790674559,0.03966794956575119,-0.10736184833372837,-0.17091462515672667,-0.1862437258900121,0.12551615005920097
0.9500000000000001,0.242121330237955,-0.20142898887194208,-0.21881761989754292,-0.14084389033717878,-0.18240607736061115,-0.1913292340307442,-0.19376095105307806,-0.19116475167765096,-0.180254850128622,-0.11625327008774411,0.04945889200484004,-0.11632512842589557,-0.17843641653810216,-0.1941952751738895,0.14111333598456838
0.96,0.2591903208019906,-0.20126684015872054,-0.21907332459067683,-0.1493225300497678,-0.18986686679466586,-0.19861877494811506,-0.2009980914463982,-0.1984001012824164,-0.18767657396017706,-0.12546278896356017,0.059840024340661824,-0.12579360462528588,-0.18635323983255894,-0.20253700510701092,0.15660526386887452
0.97,0.27610803162051634,-0.20091207270918815,-0.21917434190601467,-0.15823630620112134,-0.19769068990558045,-0.20625677004513743,-0.20857843478646707,-0.20598565223765966,-0.19546590885555618,-0.13514929506868345,0.07079200017759087,-0.13574904865635273,-0.19464874669199134,-0.21125176636694354,0.17198639706776503
0.98,0.2928665618944232,-0.20036522298413093,-0.21912252731586462,-0.16756755102218063,-0.20586130820946014,-0.21422728618136985,-0.21648593863984963,-0.21390574047458963,-0.20360671509669287,-0.14529385092333025,0.08229434304880132,-0.1461724157674723,-0.20330605471180788,-0.220321843799658,0.18725109034189738
0.99,0.30945843059645856,-0.19962705454001672,-0.2189199322541406,-0.17729812363863923,-0.21436212127048315,-0.22251405021293047,-0.22470422556613528,-0.22214435879646557,-0.21208248400162816,-0.15587698747573608,0.09432608249749024,-0.15704411825182832,-0.21230789314951487,-0.22972909037093034,0.20239415069809574
1.0,0.3258759450919677,-0.19869866271268474,-0.2185688677788541,-0.18740929855691052,-0.223176150918328,-0.23110046368194923,-0.23321660036949116,-0.23068516995172894,-0.22087631047799267,-0.16687851284730246,0.10686526049987512,-0.16834382706649595,-0.22163659446213252,-0.2394549404362541,0.217410225067665
